term,n,beta,beta_std,se_naive,se_robust,z,p,odds_ratio,cov_method,pseudo_r2,base_rate,dataset,model,spec,pooled,pooled_spec,p_fdr
const,2339,3.1623473054353304,,0.12225537148110782,0.1278500293837126,24.734818761318145,0.0,23.625988302982982,"cluster_2way(u,v)",0.33850290055652943,0.903805044890979,bitcoin-alpha,walk_full,node4_zscored,False,,
src_out,2339,-0.9668024974622696,-0.9668024974622621,0.0784622114369703,0.10401059023160535,-9.295231334707786,0.0,0.3802970970236038,"cluster_2way(u,v)",0.33850290055652943,0.903805044890979,bitcoin-alpha,walk_full,node4_zscored,False,,0.0
src_in,2339,-0.04555428630731318,-0.04555428630731356,0.07667523212149377,0.1055216268857772,-0.4317056858555054,0.6659553344091722,0.9554677323490997,"cluster_2way(u,v)",0.33850290055652943,0.903805044890979,bitcoin-alpha,walk_full,node4_zscored,False,,0.6949865955372759
tgt_out,2339,-0.1424679305329241,-0.14246793053292273,0.07481930015403941,0.09832240417318665,-1.448987458463473,0.1473410850297232,0.8672153649809106,"cluster_2way(u,v)",0.33850290055652943,0.903805044890979,bitcoin-alpha,walk_full,node4_zscored,False,,0.1885965888380457
tgt_in,2339,-0.9237967714174261,-0.9237967714174234,0.06828705779820313,0.10795195483658539,-8.557480712747106,0.0,0.39700882416844213,"cluster_2way(u,v)",0.33850290055652943,0.903805044890979,bitcoin-alpha,walk_full,node4_zscored,False,,0.0
const,2339,3.812994475667447,,0.16096143440485183,0.1456331607971948,26.182185807100147,0.0,45.28584338847217,"cluster_2way(u,v)",0.35249129615237096,0.9358700299273194,bitcoin-alpha,walk_localattn4,node4_zscored,False,,
src_out,2339,-1.0001482233688295,-1.0001482233688217,0.09302710980509746,0.12066159338468216,-8.28886968349779,2.220446049250313e-16,0.36782491688233554,"cluster_2way(u,v)",0.35249129615237096,0.9358700299273194,bitcoin-alpha,walk_localattn4,node4_zscored,False,,4.736951571734001e-16
src_in,2339,0.08845869080336462,0.08845869080336537,0.0922104134463729,0.13923257838299827,0.6353304078017874,0.52521294560317,1.092489121830372,"cluster_2way(u,v)",0.35249129615237096,0.9358700299273194,bitcoin-alpha,walk_localattn4,node4_zscored,False,,0.5931816797400509
tgt_out,2339,-0.025919036521270557,-0.02591903652127031,0.0863662956515984,0.12632846159507147,-0.20517178942897657,0.8374379093514797,0.974413978360563,"cluster_2way(u,v)",0.35249129615237096,0.9358700299273194,bitcoin-alpha,walk_localattn4,node4_zscored,False,,0.8552557372100217
tgt_in,2339,-0.9932973188674104,-0.9932973188674075,0.07875849389477539,0.1062077061532799,-9.35240346339723,0.0,0.3703535019185444,"cluster_2way(u,v)",0.35249129615237096,0.9358700299273194,bitcoin-alpha,walk_localattn4,node4_zscored,False,,0.0
const,2339,4.6393198989832465,,0.22955890990876474,0.2070166492600791,22.41037093183156,0.0,103.4739509083491,"cluster_2way(u,v)",0.42269141391503917,0.95382642154767,bitcoin-alpha,GINEConv,node4_zscored,False,,
src_out,2339,-0.9660020895007324,-0.9660020895007205,0.11108205831502234,0.1615565452804427,-5.979343565584849,2.240385876817186e-09,0.38060161169953916,"cluster_2way(u,v)",0.42269141391503917,0.95382642154767,bitcoin-alpha,GINEConv,node4_zscored,False,,3.982908225452775e-09
src_in,2339,-0.1630869981535849,-0.16308699815358638,0.10080598990935195,0.1322261981395092,-1.2333939903612376,0.21742880604695802,0.8495172787649443,"cluster_2way(u,v)",0.42269141391503917,0.95382642154767,bitcoin-alpha,GINEConv,node4_zscored,False,,0.269963529128114
tgt_out,2339,0.06066264079761593,0.060662640797615394,0.10019565578355613,0.11017130250069689,0.5506210730079388,0.5818934600089765,1.0625403959354063,"cluster_2way(u,v)",0.42269141391503917,0.95382642154767,bitcoin-alpha,GINEConv,node4_zscored,False,,0.634792865464338
tgt_in,2339,-1.215302334875772,-1.2153023348757772,0.09774995468771525,0.10456929448126669,-11.621980820512185,0.0,0.2966203220679606,"cluster_2way(u,v)",0.42269141391503917,0.95382642154767,bitcoin-alpha,GINEConv,node4_zscored,False,,0.0
const,2339,4.542330820882899,,0.22054262234536093,0.242762273504074,18.711024391550158,0.0,93.9094312889955,"cluster_2way(u,v)",0.43090511388358865,0.9486960239418555,bitcoin-alpha,SiGAT,node4_zscored,False,,
src_out,2339,-1.037709047587101,-1.037709047587093,0.10885557222633414,0.13634184335663765,-7.611082717084162,2.708944180085382e-14,0.3542653580708947,"cluster_2way(u,v)",0.43090511388358865,0.9486960239418555,bitcoin-alpha,SiGAT,node4_zscored,False,,5.653448723656449e-14
src_in,2339,-0.3077309405602389,-0.30773094056024136,0.0941845579320924,0.11063923619536188,-2.781390681483567,0.00541265565117266,0.7351130805165458,"cluster_2way(u,v)",0.43090511388358865,0.9486960239418555,bitcoin-alpha,SiGAT,node4_zscored,False,,0.008247856230358338
tgt_out,2339,0.0633207045957657,0.06332070459576511,0.09796169191378873,0.09279123581182183,0.6823996258027905,0.4949862923133517,1.065368453008887,"cluster_2way(u,v)",0.43090511388358865,0.9486960239418555,bitcoin-alpha,SiGAT,node4_zscored,False,,0.5656986197866877
tgt_in,2339,-1.156012602091589,-1.1560126020915857,0.09344086783663534,0.10176929427328586,-11.35914924385045,0.0,0.3147386704522379,"cluster_2way(u,v)",0.43090511388358865,0.9486960239418555,bitcoin-alpha,SiGAT,node4_zscored,False,,0.0
const,3371,2.8133185433024868,,0.08608436223450786,0.1011297221136464,27.81890906553632,0.0,16.66513051317155,"cluster_2way(u,v)",0.2724696559101233,0.8935034114506081,bitcoin-otc,walk_full,node4_zscored,False,,
src_out,3371,-0.6423641178094138,-0.6423641178094122,0.06042874099253084,0.07407732665493025,-8.671534824706866,0.0,0.5260473150047404,"cluster_2way(u,v)",0.2724696559101233,0.8935034114506081,bitcoin-otc,walk_full,node4_zscored,False,,0.0
src_in,3371,-0.34395153775410703,-0.3439515377541092,0.05980111695097397,0.06745086504058319,-5.09929023960125,3.4092944511954215e-07,0.7089632851700474,"cluster_2way(u,v)",0.2724696559101233,0.8935034114506081,bitcoin-otc,walk_full,node4_zscored,False,,5.950768496632009e-07
tgt_out,3371,-0.18267255077483827,-0.18267255077483643,0.05651810634476113,0.06382886691089389,-2.8619112263084987,0.004210948349497867,0.8330408896752478,"cluster_2way(u,v)",0.2724696559101233,0.8935034114506081,bitcoin-otc,walk_full,node4_zscored,False,,0.006520178089545085
tgt_in,3371,-0.7589718930738426,-0.7589718930738302,0.0558968305901912,0.11380319330860868,-6.669161655382388,2.5726976105033827e-11,0.4681474853499817,"cluster_2way(u,v)",0.2724696559101233,0.8935034114506081,bitcoin-otc,walk_full,node4_zscored,False,,4.939579412166495e-11
const,3371,3.4384338046441587,,0.11222066135129924,0.11276506808124094,30.49201196036133,0.0,31.138151529605633,"cluster_2way(u,v)",0.26903549037840213,0.9332542272322752,bitcoin-otc,walk_localattn4,node4_zscored,False,,
src_out,3371,-0.6264029156814142,-0.6264029156814126,0.07425354424687534,0.08909868661395759,-7.0304393867831285,2.0587975768648903e-12,0.5345110283644133,"cluster_2way(u,v)",0.26903549037840213,0.9332542272322752,bitcoin-otc,walk_localattn4,node4_zscored,False,,4.1175951537297806e-12
src_in,3371,-0.11310550615612532,-0.11310550615612602,0.07452509312123587,0.0840047549222456,-1.3464179052818526,0.17816777965498898,0.8930564321939262,"cluster_2way(u,v)",0.26903549037840213,0.9332542272322752,bitcoin-otc,walk_localattn4,node4_zscored,False,,0.22505403745893346
tgt_out,3371,0.15697968201361104,0.15697968201360946,0.06862612279858298,0.08293246106413628,1.8928617335039646,0.05837625929995882,1.1699718421874528,"cluster_2way(u,v)",0.26903549037840213,0.9332542272322752,bitcoin-otc,walk_localattn4,node4_zscored,False,,0.08121914337385575
tgt_in,3371,-0.9774248296194228,-0.9774248296194068,0.06763910624494077,0.10060603902946097,-9.715369365980093,0.0,0.3762788343838082,"cluster_2way(u,v)",0.26903549037840213,0.9332542272322752,bitcoin-otc,walk_localattn4,node4_zscored,False,,0.0
const,3371,4.010833456512192,,0.14934358482235094,0.13518863597102115,29.66842166653674,0.0,55.19285224106452,"cluster_2way(u,v)",0.3612725289604577,0.940670424206467,bitcoin-otc,GINEConv,node4_zscored,False,,
src_out,3371,-0.5326010684633397,-0.5326010684633415,0.07827150782527752,0.08817465772777854,-6.04029640928846,1.5383136986457657e-09,0.587075957249416,"cluster_2way(u,v)",0.3612725289604577,0.940670424206467,bitcoin-otc,GINEConv,node4_zscored,False,,2.7863795296225193e-09
src_in,3371,-0.31139014293707573,-0.3113901429370758,0.07713610454854396,0.0906756278673172,-3.4341106895087967,0.0005945013749169004,0.7324280684822566,"cluster_2way(u,v)",0.3612725289604577,0.940670424206467,bitcoin-otc,GINEConv,node4_zscored,False,,0.0009512021998670406
tgt_out,3371,0.06719941179590473,0.06719941179590411,0.07178785358787036,0.09180497509939568,0.7319800666919094,0.46418073439260255,1.0695087295679708,"cluster_2way(u,v)",0.3612725289604577,0.940670424206467,bitcoin-otc,GINEConv,node4_zscored,False,,0.536883740984215
tgt_in,3371,-1.255233320811816,-1.2552333208118014,0.08125608974321258,0.08543927995113207,-14.691525040119258,0.0,0.2850093418550784,"cluster_2way(u,v)",0.3612725289604577,0.940670424206467,bitcoin-otc,GINEConv,node4_zscored,False,,0.0
const,3371,3.8596682950938743,,0.13975936906989203,0.1563029863970399,24.69350320210497,0.0,47.449609489907075,"cluster_2way(u,v)",0.43283588914766025,0.9207950163156333,bitcoin-otc,SiGAT,node4_zscored,False,,
src_out,3371,-0.686836039053876,-0.686836039053874,0.07398285929649649,0.09831559778169704,-6.986033290251133,2.8277380437202737e-12,0.5031655493609025,"cluster_2way(u,v)",0.43283588914766025,0.9207950163156333,bitcoin-otc,SiGAT,node4_zscored,False,,5.540058208105026e-12
src_in,3371,-0.5337126143700239,-0.533712614370028,0.07226630615578739,0.08701740805341701,-6.133400503522192,8.602023537918058e-10,0.5864237579141246,"cluster_2way(u,v)",0.43283588914766025,0.9207950163156333,bitcoin-otc,SiGAT,node4_zscored,False,,1.5880658839233337e-09
tgt_out,3371,0.10757578019165746,0.10757578019165662,0.06975411196900005,0.08758312030860493,1.2282706965977812,0.2193453674165926,1.1135752444946403,"cluster_2way(u,v)",0.43283588914766025,0.9207950163156333,bitcoin-otc,SiGAT,node4_zscored,False,,0.269963529128114
tgt_in,3371,-1.300880674585166,-1.3008806745851431,0.07510791341475741,0.08414884619351823,-15.459281183648237,0.0,0.2722918868653763,"cluster_2way(u,v)",0.43283588914766025,0.9207950163156333,bitcoin-otc,SiGAT,node4_zscored,False,,0.0
const,70792,3.4068777628014413,,0.0250719444207717,0.03174045042131138,107.33552037163194,0.0,30.170896352866418,"cluster_2way(u,v)",0.20534525346442323,0.9349785286473048,epinions,walk_full,node4_zscored,False,,
src_out,70792,-0.9266829709352933,-0.9266829709354715,0.016293656370321544,0.02508306854467102,-36.94456159879091,0.0,0.39586462947290324,"cluster_2way(u,v)",0.20534525346442323,0.9349785286473048,epinions,walk_full,node4_zscored,False,,0.0
src_in,70792,-0.2201494687247028,-0.22014946872480196,0.016652319449558983,0.024051949020284853,-9.153082294454968,0.0,0.8023988554652464,"cluster_2way(u,v)",0.20534525346442323,0.9349785286473048,epinions,walk_full,node4_zscored,False,,0.0
tgt_out,70792,-0.13707630506072402,-0.13707630506076568,0.01638084208852313,0.020870072173096887,-6.568080068138232,5.0968118614491686e-11,0.8719036929294972,"cluster_2way(u,v)",0.20534525346442323,0.9349785286473048,epinions,walk_full,node4_zscored,False,,9.593998798021964e-11
tgt_in,70792,-0.595808162948266,-0.5958081629483553,0.014830387302821563,0.02516153327133264,-23.679326554677402,0.0,0.5511169935102312,"cluster_2way(u,v)",0.20534525346442323,0.9349785286473048,epinions,walk_full,node4_zscored,False,,0.0
const,70792,3.5892409681083364,,0.027190347486754154,0.031451827031014394,114.11867948303971,0.0,36.20658354240139,"cluster_2way(u,v)",0.20419710915179246,0.943863713413945,epinions,walk_localattn4,node4_zscored,False,,
src_out,70792,-0.934771534814467,-0.9347715348146467,0.01752127321006032,0.024081416982628088,-38.81713171150995,0.0,0.3926755679806778,"cluster_2way(u,v)",0.20419710915179246,0.943863713413945,epinions,walk_localattn4,node4_zscored,False,,0.0
src_in,70792,-0.18998214152587803,-0.18998214152596357,0.017806245416331926,0.02519175469915379,-7.541441388053039,4.6407322429331543e-14,0.8269739023035255,"cluster_2way(u,v)",0.20419710915179246,0.943863713413945,epinions,walk_localattn4,node4_zscored,False,,9.478942453650699e-14
tgt_out,70792,-0.0841838074495178,-0.08418380744954339,0.017483615266395764,0.021415293948278003,-3.9310133987811544,8.458855714232882e-05,0.9192622733115579,"cluster_2way(u,v)",0.20419710915179246,0.943863713413945,epinions,walk_localattn4,node4_zscored,False,,0.00014000864630454426
tgt_in,70792,-0.6168147203856914,-0.6168147203857839,0.01567407886486533,0.024479259118083928,-25.19744234947138,0.0,0.5396606729390258,"cluster_2way(u,v)",0.20419710915179246,0.943863713413945,epinions,walk_localattn4,node4_zscored,False,,0.0
const,70792,3.2461840270800146,,0.022991200893063564,0.05025035211862703,64.60022448035154,0.0,25.692112214794427,"cluster_2way(u,v)",0.22936088620959394,0.9242993558594191,epinions,GINEConv,node4_zscored,False,,
src_out,70792,-0.6437636593677144,-0.6437636593679967,0.014651928723062277,0.032276238604233586,-19.945436246814513,0.0,0.5253116048742974,"cluster_2way(u,v)",0.22936088620959394,0.9242993558594191,epinions,GINEConv,node4_zscored,False,,0.0
src_in,70792,-0.4046198134786587,-0.40461981347879844,0.01520672417065095,0.04046962266161627,-9.998111839634806,0.0,0.6672304346611306,"cluster_2way(u,v)",0.22936088620959394,0.9242993558594191,epinions,GINEConv,node4_zscored,False,,0.0
tgt_out,70792,0.08811095679880572,0.08811095679883037,0.015974519720470093,0.02123491681062583,4.1493431589388425,3.3343064991919746e-05,1.0921092922567577,"cluster_2way(u,v)",0.22936088620959394,0.9242993558594191,epinions,GINEConv,node4_zscored,False,,5.7159539986148135e-05
tgt_in,70792,-0.8823599814129667,-0.882359981413097,0.014129080585504437,0.03158469950820901,-27.936310781859337,0.0,0.41380518588074305,"cluster_2way(u,v)",0.22936088620959394,0.9242993558594191,epinions,GINEConv,node4_zscored,False,,0.0
const,70792,3.4801944364595094,,0.025890219096895133,0.03832607536836289,90.80487378398033,0.0,32.46603404291927,"cluster_2way(u,v)",0.21539378721770075,0.9372810487060684,epinions,SiGAT,node4_zscored,False,,
src_out,70792,-0.9533116451802216,-0.9533116451803698,0.016753248863314765,0.024435451631528143,-39.01346533534905,0.0,0.3854623927623297,"cluster_2way(u,v)",0.21539378721770075,0.9372810487060684,epinions,SiGAT,node4_zscored,False,,0.0
src_in,70792,-0.25036233691339965,-0.250362336913519,0.01694560372745023,0.02806097138635896,-8.922083753490664,0.0,0.7785186459169532,"cluster_2way(u,v)",0.21539378721770075,0.9372810487060684,epinions,SiGAT,node4_zscored,False,,0.0
tgt_out,70792,0.02432009960592686,0.024320099605934776,0.01687903669969804,0.02048978446850904,1.1869377954318976,0.23525215768704344,1.0246182452996502,"cluster_2way(u,v)",0.21539378721770075,0.9372810487060684,epinions,SiGAT,node4_zscored,False,,0.2858760397209642
tgt_in,70792,-0.6260675662015253,-0.6260675662016201,0.014933061946687639,0.024895693141648818,-25.14762544024759,0.0,0.5346903064184911,"cluster_2way(u,v)",0.21539378721770075,0.9372810487060684,epinions,SiGAT,node4_zscored,False,,0.0
const,4117,2.4388652114457527,,0.07288395826201861,0.07690913111437077,31.710996810234946,0.0,11.460028651859782,"cluster_2way(u,v)",0.24416746076050855,0.8477046393004615,wiki-elec,walk_full,node4_zscored,False,,
src_out,4117,-0.6405213383330614,-0.6405213383330589,0.0579713935882158,0.07089950543993188,-9.03421447524383,0.0,0.5270175979345794,"cluster_2way(u,v)",0.24416746076050855,0.8477046393004615,wiki-elec,walk_full,node4_zscored,False,,0.0
src_in,4117,-0.08020333730354509,-0.08020333730354542,0.048472109299581595,0.049127292710739325,-1.6325617162700374,0.10256120850332207,0.9229286614802212,"cluster_2way(u,v)",0.24416746076050855,0.8477046393004615,wiki-elec,walk_full,node4_zscored,False,,0.13674827800442943
tgt_out,4117,-0.132234332221043,-0.1322343322210437,0.049722309832940716,0.057496882710395936,-2.299852200459102,0.021456594913058957,0.8761356642063647,"cluster_2way(u,v)",0.24416746076050855,0.8477046393004615,wiki-elec,walk_full,node4_zscored,False,,0.03120959260081303
tgt_in,4117,-1.292133784757332,-1.29213378475732,0.061728771724820886,0.07521628858296706,-17.178909104668843,0.0,0.2746840407022597,"cluster_2way(u,v)",0.24416746076050855,0.8477046393004615,wiki-elec,walk_full,node4_zscored,False,,0.0
const,4117,2.439548750866425,,0.07236946877105006,0.06943225962200325,35.13566696730875,0.0,11.46786471102793,"cluster_2way(u,v)",0.2363552013016459,0.8506193830459072,wiki-elec,walk_localattn4,node4_zscored,False,,
src_out,4117,-0.6567693199592547,-0.6567693199592523,0.058595317649547875,0.06836757275281201,-9.60644489067723,0.0,0.5185238159536315,"cluster_2way(u,v)",0.2363552013016459,0.8506193830459072,wiki-elec,walk_localattn4,node4_zscored,False,,0.0
src_in,4117,-0.07509395194855173,-0.07509395194855205,0.0486167567565078,0.050139796629805784,-1.4976915942238158,0.1342133967809518,0.9276563271147092,"cluster_2way(u,v)",0.2363552013016459,0.8506193830459072,wiki-elec,walk_localattn4,node4_zscored,False,,0.17411467690501853
tgt_out,4117,-0.14229181119517442,-0.14229181119517517,0.0499224189922611,0.056993210055568365,-2.4966449697506063,0.012537441024598195,0.8673681118271193,"cluster_2way(u,v)",0.2363552013016459,0.8506193830459072,wiki-elec,walk_localattn4,node4_zscored,False,,0.01851683597479118
tgt_in,4117,-1.2464518389625032,-1.2464518389624917,0.061038485987503964,0.0688629265898758,-18.100477291445177,0.0,0.28752316762079916,"cluster_2way(u,v)",0.2363552013016459,0.8506193830459072,wiki-elec,walk_localattn4,node4_zscored,False,,0.0
const,4117,2.670473266998598,,0.0853960123806251,0.10122816449524896,26.38073386309335,0.0,14.446804771081831,"cluster_2way(u,v)",0.26360649707931794,0.8559630799125577,wiki-elec,GINEConv,node4_zscored,False,,
src_out,4117,-0.19824081055571696,-0.19824081055571724,0.05294217818865684,0.06495938298893512,-3.0517656023531563,0.002274996777145155,0.8201723232022048,"cluster_2way(u,v)",0.26360649707931794,0.8559630799125577,wiki-elec,GINEConv,node4_zscored,False,,0.003580322796818605
src_in,4117,0.03224163657897239,0.03224163657897255,0.0497903232304329,0.05170890188214148,0.6235219740782693,0.5329415667727035,1.0327670294486955,"cluster_2way(u,v)",0.26360649707931794,0.8559630799125577,wiki-elec,GINEConv,node4_zscored,False,,0.5949115163974366
tgt_out,4117,0.04903345243688066,0.04903345243688089,0.05021646291603244,0.05150872961099189,0.9519445112934214,0.3411251238654658,1.0502554837576614,"cluster_2way(u,v)",0.26360649707931794,0.8559630799125577,wiki-elec,GINEConv,node4_zscored,False,,0.4068561722473905
tgt_in,4117,-1.6388723047901346,-1.638872304790123,0.07385291538699786,0.08518716256695961,-19.238489173787574,0.0,0.194198916043639,"cluster_2way(u,v)",0.26360649707931794,0.8559630799125577,wiki-elec,GINEConv,node4_zscored,False,,0.0
const,4117,2.66502906945438,,0.0794601547634751,0.08400259727530723,31.725555588717157,0.0,14.36836722052137,"cluster_2way(u,v)",0.2281067904237566,0.8724799611367501,wiki-elec,SiGAT,node4_zscored,False,,
src_out,4117,-0.6987001985914447,-0.6987001985914421,0.06343164304554429,0.0725106663151544,-9.635826480405953,0.0,0.4972311857369428,"cluster_2way(u,v)",0.2281067904237566,0.8724799611367501,wiki-elec,SiGAT,node4_zscored,False,,0.0
src_in,4117,0.04016550174588623,0.04016550174588636,0.051740608327375225,0.052374093104629114,0.766896367363279,0.443143133659591,1.040983044447775,"cluster_2way(u,v)",0.2281067904237566,0.8724799611367501,wiki-elec,SiGAT,node4_zscored,False,,0.5188017174551309
tgt_out,4117,-0.0006731477010335331,-0.000673147701033537,0.051835991549189435,0.054220763630475274,-0.012414943205543205,0.9900945629492202,0.9993270788120517,"cluster_2way(u,v)",0.2281067904237566,0.8724799611367501,wiki-elec,SiGAT,node4_zscored,False,,0.9900945629492202
tgt_in,4117,-1.2407033664963634,-1.2407033664963527,0.06569906350019124,0.06829741513423516,-18.16618336225204,0.0,0.28918074634151686,"cluster_2way(u,v)",0.2281067904237566,0.8724799611367501,wiki-elec,SiGAT,node4_zscored,False,,0.0
const,9820,2.4151185832596784,,0.04836034292641103,0.0548024636195848,44.06952577943203,0.0,11.191097355675083,"cluster_2way(u,v)",0.24534856121161774,0.8397148676171079,wiki-rfa,walk_full,node4_zscored,False,,
src_out,9820,-0.53021349518803,-0.530213495188022,0.03575590885552674,0.04254937687819785,-12.461134194886636,0.0,0.5884793187630885,"cluster_2way(u,v)",0.24534856121161774,0.8397148676171079,wiki-rfa,walk_full,node4_zscored,False,,0.0
src_in,9820,-0.05418365571199346,-0.05418365571199559,0.031499076970269435,0.03519404815351993,-1.5395687212689764,0.1236655147179706,0.9472581211609031,"cluster_2way(u,v)",0.24534856121161774,0.8397148676171079,wiki-rfa,walk_full,node4_zscored,False,,0.16262862209486545
tgt_out,9820,-0.09119026563078227,-0.09119026563078356,0.031246350731535186,0.036508594006836786,-2.497775335136311,0.01249753705279022,0.9128440115336198,"cluster_2way(u,v)",0.24534856121161774,0.8397148676171079,wiki-rfa,walk_full,node4_zscored,False,,0.01851683597479118
tgt_in,9820,-1.4222580324563479,-1.422258032456337,0.043248147644269715,0.05266006420715586,-27.008285194287332,0.0,0.24116883455308624,"cluster_2way(u,v)",0.24534856121161774,0.8397148676171079,wiki-rfa,walk_full,node4_zscored,False,,0.0
const,9820,2.469523919130943,,0.0496215426248144,0.05290757055619389,46.676191954571536,0.0,11.816819750458745,"cluster_2way(u,v)",0.254160505446942,0.8415478615071283,wiki-rfa,walk_localattn4,node4_zscored,False,,
src_out,9820,-0.6228375670465839,-0.6228375670465746,0.037063039866031634,0.044667054716790645,-13.944003494200729,0.0,0.5364201478456146,"cluster_2way(u,v)",0.254160505446942,0.8415478615071283,wiki-rfa,walk_localattn4,node4_zscored,False,,0.0
src_in,9820,0.003517325097413594,0.0035173250974137324,0.03194460178465013,0.03510332725952657,0.10019919397979687,0.9201861859065703,1.0035235181441915,"cluster_2way(u,v)",0.254160505446942,0.8415478615071283,wiki-rfa,walk_localattn4,node4_zscored,False,,0.9298723562845342
tgt_out,9820,-0.07258594437457284,-0.07258594437457387,0.03147160891601884,0.03784947994741854,-1.9177527531530443,0.05514236919715598,0.929985816176207,"cluster_2way(u,v)",0.254160505446942,0.8415478615071283,wiki-rfa,walk_localattn4,node4_zscored,False,,0.07784805063127903
tgt_in,9820,-1.4360570869354121,-1.436057086935401,0.04392053077350437,0.05158204087459629,-27.84025336311689,0.0,0.23786378836635833,"cluster_2way(u,v)",0.254160505446942,0.8415478615071283,wiki-rfa,walk_localattn4,node4_zscored,False,,0.0
const,9820,2.988649474809073,,0.06504100006647417,0.0787307973225671,37.96036083013753,0.0,19.85884450318997,"cluster_2way(u,v)",0.27811053276622966,0.869959266802444,wiki-rfa,GINEConv,node4_zscored,False,,
src_out,9820,-0.5667697658558608,-0.5667697658558563,0.039957603840062854,0.05887729905093119,-9.626286786110596,0.0,0.567355171923355,"cluster_2way(u,v)",0.27811053276622966,0.869959266802444,wiki-rfa,GINEConv,node4_zscored,False,,0.0
src_in,9820,0.024663519815272275,0.02466351981527331,0.03468945982200514,0.04283805382260097,0.5757385692031608,0.5647919014126794,1.0249701803392937,"cluster_2way(u,v)",0.27811053276622966,0.869959266802444,wiki-rfa,GINEConv,node4_zscored,False,,0.6232186498346808
tgt_out,9820,0.007299277243603629,0.007299277243603704,0.033845438951478325,0.03199384899916193,0.2281462678590135,0.8195325318621971,1.007325981903106,"cluster_2way(u,v)",0.27811053276622966,0.869959266802444,wiki-rfa,GINEConv,node4_zscored,False,,0.8459690651480745
tgt_in,9820,-1.7179249064562905,-1.7179249064562798,0.05609328554071457,0.06006509365340491,-28.601052657459835,0.0,0.17943811271633003,"cluster_2way(u,v)",0.27811053276622966,0.869959266802444,wiki-rfa,GINEConv,node4_zscored,False,,0.0
const,9820,2.7542859238171133,,0.056216094227581934,0.06638621115247852,41.48882540518782,0.0,15.709818889087924,"cluster_2way(u,v)",0.2451417275605252,0.8679226069246436,wiki-rfa,SiGAT,node4_zscored,False,,
src_out,9820,-0.6121442754331339,-0.6121442754331242,0.039758994210908116,0.04367490873647327,-14.015925691492681,0.0,0.5421870234031507,"cluster_2way(u,v)",0.2451417275605252,0.8679226069246436,wiki-rfa,SiGAT,node4_zscored,False,,0.0
src_in,9820,0.016820828420846985,0.01682082842084703,0.033930479649292654,0.038972774501135996,0.43160459156831865,0.6660288207232228,1.0169630951170674,"cluster_2way(u,v)",0.2451417275605252,0.8679226069246436,wiki-rfa,SiGAT,node4_zscored,False,,0.6949865955372759
tgt_out,9820,-0.03085368313311036,-0.030853683133110803,0.03323523244824558,0.03255656367330219,-0.9476947088986463,0.34328489533373574,0.9696174340824804,"cluster_2way(u,v)",0.2451417275605252,0.8679226069246436,wiki-rfa,SiGAT,node4_zscored,False,,0.4068561722473905
tgt_in,9820,-1.4616228510831184,-1.461622851083107,0.04879019901326065,0.05802608923726999,-25.189063579772014,0.0,0.2318596954884371,"cluster_2way(u,v)",0.2451417275605252,0.8679226069246436,wiki-rfa,SiGAT,node4_zscored,False,,0.0
const,36692,2.00832675069385,,0.02037779384710238,0.023871245524738603,84.13162809676399,0.0,7.450839798682197,"cluster_2way(u,v)",0.20778451532196163,0.8132835495475853,slashdot090221,walk_full,node4_zscored,False,,
src_out,36692,-1.1847239808835992,-1.1847239808834302,0.019402888039244958,0.025658682083608664,-46.17244085347732,0.0,0.30583058293696525,"cluster_2way(u,v)",0.20778451532196163,0.8132835495475853,slashdot090221,walk_full,node4_zscored,False,,0.0
src_in,36692,-0.033567586561022426,-0.03356758656102401,0.016287042529932474,0.01915387041069653,-1.752522380138717,0.07968402501404581,0.9669895535243092,"cluster_2way(u,v)",0.20778451532196163,0.8132835495475853,slashdot090221,walk_full,node4_zscored,False,,0.10774178030068166
tgt_out,36692,-0.06386247912781866,-0.0638624791278031,0.014946762399633266,0.01729566802954052,-3.6923973690257768,0.0002221500000216814,0.9381340036665528,"cluster_2way(u,v)",0.20778451532196163,0.8132835495475853,slashdot090221,walk_full,node4_zscored,False,,0.0003614644068149392
tgt_in,36692,-0.4320244441329234,-0.4320244441329582,0.017636210305437324,0.024582686080054348,-17.57433840736611,0.0,0.6491935075188033,"cluster_2way(u,v)",0.20778451532196163,0.8132835495475853,slashdot090221,walk_full,node4_zscored,False,,0.0
const,36692,2.11963020308726,,0.021301359166065657,0.023675906744560257,89.52688595862386,0.0,8.328057228335432,"cluster_2way(u,v)",0.20754610675461294,0.8253297721574185,slashdot090221,walk_localattn4,node4_zscored,False,,
src_out,36692,-1.170499633767512,-1.170499633767345,0.019945751103765102,0.025890210016637508,-45.21012510193344,0.0,0.31021191019391364,"cluster_2way(u,v)",0.20754610675461294,0.8253297721574185,slashdot090221,walk_localattn4,node4_zscored,False,,0.0
src_in,36692,0.00909292821570122,0.009092928215701648,0.01662972823989931,0.018783067117586552,0.4841024183525132,0.6283131850847439,1.0091343944754168,"cluster_2way(u,v)",0.20754610675461294,0.8253297721574185,slashdot090221,walk_localattn4,node4_zscored,False,,0.6777310760464653
tgt_out,36692,-0.03616357721448021,-0.0361635772144714,0.015251237575556725,0.01694943891864338,-2.13361500566856,0.032874308629544435,0.9644825132159198,"cluster_2way(u,v)",0.20754610675461294,0.8253297721574185,slashdot090221,walk_localattn4,node4_zscored,False,,0.047103486991586056
tgt_in,36692,-0.5313461296652651,-0.5313461296653079,0.018609327675085458,0.02422398542378566,-21.93471141802841,0.0,0.5878131641235889,"cluster_2way(u,v)",0.20754610675461294,0.8253297721574185,slashdot090221,walk_localattn4,node4_zscored,False,,0.0
const,36692,1.7618264017092664,,0.018753670494790563,0.02766937284480054,63.67424413959343,0.0,5.823062940298649,"cluster_2way(u,v)",0.19314664727050024,0.782105091028017,slashdot090221,GINEConv,node4_zscored,False,,
src_out,36692,-0.32295041470475966,-0.32295041470470454,0.015011867851007726,0.025503780759624985,-12.662844687561861,0.0,0.7240097537152629,"cluster_2way(u,v)",0.19314664727050024,0.782105091028017,slashdot090221,GINEConv,node4_zscored,False,,0.0
src_in,36692,-0.3947234332666064,-0.3947234332665931,0.015536229465916492,0.024220807579861107,-16.29687333773327,0.0,0.67386638250366,"cluster_2way(u,v)",0.19314664727050024,0.782105091028017,slashdot090221,GINEConv,node4_zscored,False,,0.0
tgt_out,36692,0.007310806829238466,0.0073108068292370276,0.013869392431002001,0.01591692304544458,0.45931030817735946,0.6460113463965791,1.0073375960212292,"cluster_2way(u,v)",0.19314664727050024,0.782105091028017,slashdot090221,GINEConv,node4_zscored,False,,0.6890787694896844
tgt_in,36692,-1.1333215390822058,-1.133321539082296,0.020564919980505678,0.03072745020487035,-36.88303232210828,0.0,0.321962068816776,"cluster_2way(u,v)",0.19314664727050024,0.782105091028017,slashdot090221,GINEConv,node4_zscored,False,,0.0
const,36692,2.182261187223338,,0.021994681329811507,0.03096532668430489,70.47434730696514,0.0,8.866332045901293,"cluster_2way(u,v)",0.21875578451425515,0.8274828300446964,slashdot090221,SiGAT,node4_zscored,False,,
src_out,36692,-1.110770292024559,-1.1107702920244062,0.01984562997357408,0.028962307328955817,-38.3522721241908,0.0,0.32930520218262377,"cluster_2way(u,v)",0.21875578451425515,0.8274828300446964,slashdot090221,SiGAT,node4_zscored,False,,0.0
src_in,36692,-0.08618380110983481,-0.08618380110983612,0.016913852493572197,0.020828976149478307,-4.137687829269199,3.508232314985982e-05,0.9174255918805984,"cluster_2way(u,v)",0.21875578451425515,0.8274828300446964,slashdot090221,SiGAT,node4_zscored,False,,5.908601793660601e-05
tgt_out,36692,-0.03118917032518851,-0.031189170325180635,0.015352071297379167,0.017569253704164376,-1.7752131564811917,0.07586269818790359,0.9692921944120524,"cluster_2way(u,v)",0.21875578451425515,0.8274828300446964,slashdot090221,SiGAT,node4_zscored,False,,0.10404027180055349
tgt_in,36692,-0.6722731413105107,-0.6722731413105658,0.01970232082642784,0.026534376736975746,-25.335931119636808,0.0,0.5105467129212407,"cluster_2way(u,v)",0.21875578451425515,0.8274828300446964,slashdot090221,SiGAT,node4_zscored,False,,0.0
