term,n,beta,beta_std,se_naive,se_robust,z,p,odds_ratio,cov_method,pseudo_r2,base_rate,dataset,model,spec,node_variant,twohop_variant,pooled,pooled_spec,p_fdr
const,4009,6.091132235752517,,0.3950184147752423,0.43472776036574534,14.011371693006039,0.0,441.9214872982229,"cluster_2way(u,v)",0.24672357002266465,0.846595160888002,wiki-elec,walk_full,atomic,,,False,,
src_out,4009,-2.1780704325797453,-0.6435645035495129,0.19875135578015884,0.24478032483298792,-8.898061697016821,0.0,0.11325986247036066,"cluster_2way(u,v)",0.24672357002266465,0.846595160888002,wiki-elec,walk_full,atomic,,,False,,0.0
src_in,4009,-0.166972022410138,-0.05641545300225215,0.24409800907649815,0.26231873965839847,-0.6365234242417274,0.5244353183556152,0.8462232862940382,"cluster_2way(u,v)",0.24672357002266465,0.846595160888002,wiki-elec,walk_full,atomic,,,False,,0.6624446126597244
tgt_out,4009,-0.24689010601300002,-0.08722178260582963,0.15642126341022478,0.18831759536460932,-1.3110304724048014,0.1898474686996292,0.7812265409135657,"cluster_2way(u,v)",0.24672357002266465,0.846595160888002,wiki-elec,walk_full,atomic,,,False,,0.3645071399032881
tgt_in,4009,-3.65970802885165,-1.3014504140716316,0.17712569993027769,0.21540523610763138,-16.98987496767723,0.0,0.025740026974569046,"cluster_2way(u,v)",0.24672357002266465,0.846595160888002,wiki-elec,walk_full,atomic,,,False,,0.0
twohop_in,4009,-0.11267506022803175,-0.021708583236377862,0.4396439959475956,0.4958952768336443,-0.22721543336221436,0.8202562274321377,0.8934409274449927,"cluster_2way(u,v)",0.24672357002266465,0.846595160888002,wiki-elec,walk_full,atomic,,,False,,0.8377084875902683
twohop_out,4009,-0.608771037015793,-0.10560843398064008,0.329533258782241,0.3659217215463146,-1.6636646615107846,0.09617946205972205,0.5440190376731692,"cluster_2way(u,v)",0.24672357002266465,0.846595160888002,wiki-elec,walk_full,atomic,,,False,,0.24108810255387408
const,4009,5.978683554003293,,0.3940433020326842,0.4394068829322965,13.60625831371987,0.0,394.9201347704397,"cluster_2way(u,v)",0.23854051401970922,0.8488401097530556,wiki-elec,walk_localattn4,atomic,,,False,,
src_out,4009,-2.237452997923141,-0.6611105436651461,0.20038140275912575,0.24034067517345106,-9.309506167894373,0.0,0.10673000001420818,"cluster_2way(u,v)",0.23854051401970922,0.8488401097530556,wiki-elec,walk_localattn4,atomic,,,False,,0.0
src_in,4009,-0.30567809929785006,-0.1032805867464211,0.24488880896976126,0.26999640202815206,-1.1321561954221062,0.2575687726917435,0.7366237009822645,"cluster_2way(u,v)",0.23854051401970922,0.8488401097530556,wiki-elec,walk_localattn4,atomic,,,False,,0.4315491797889209
tgt_out,4009,-0.2292576333204577,-0.0809925508037615,0.1565830594100889,0.18842586533572675,-1.216699378888239,0.2237186154806592,0.7951236567668227,"cluster_2way(u,v)",0.23854051401970922,0.8488401097530556,wiki-elec,walk_localattn4,atomic,,,False,,0.39772198307672746
tgt_in,4009,-3.5194302083331546,-1.2515653887746416,0.17438390923517033,0.1974866561213686,-17.821103853063534,0.0,0.029616305485220682,"cluster_2way(u,v)",0.23854051401970922,0.8488401097530556,wiki-elec,walk_localattn4,atomic,,,False,,0.0
twohop_in,4009,0.22035353648964962,0.0424544977267801,0.4379120314878071,0.48879910595975484,0.4508059319318648,0.6521294256205832,1.2465173420620745,"cluster_2way(u,v)",0.23854051401970922,0.8488401097530556,wiki-elec,walk_localattn4,atomic,,,False,,0.7452907721378094
twohop_out,4009,-0.744141845300108,-0.12909230262800656,0.3335995792871773,0.4205429509535516,-1.7694788216347905,0.07681400199287336,0.4751418702647885,"cluster_2way(u,v)",0.23854051401970922,0.8488401097530556,wiki-elec,walk_localattn4,atomic,,,False,,0.2048373386476623
const,4009,5.211353728471771,,0.38595811776390604,0.37708795322362215,13.819995266147666,0.0,183.34208567636205,"cluster_2way(u,v)",0.263681193176197,0.8553255175854327,wiki-elec,GINEConv,atomic,,,False,,
src_out,4009,-0.6501538858086422,-0.19210396344054206,0.18134614866539234,0.22340408247450422,-2.9102148833060846,0.003611803385354273,0.5219654475054357,"cluster_2way(u,v)",0.263681193176197,0.8553255175854327,wiki-elec,GINEConv,atomic,,,False,,0.010835410156062819
src_in,4009,0.11651804876836759,0.039368382854341265,0.24400593805148552,0.2981669484098539,0.39078123645081,0.6959589454963018,1.1235777894794632,"cluster_2way(u,v)",0.263681193176197,0.8553255175854327,wiki-elec,GINEConv,atomic,,,False,,0.7624155712116767
tgt_out,4009,0.2367960259693785,0.08365572777524763,0.15768318788012928,0.1606104535914871,1.4743500231415168,0.14038737310073657,1.2671826190663236,"cluster_2way(u,v)",0.263681193176197,0.8553255175854327,wiki-elec,GINEConv,atomic,,,False,,0.30629972312887976
tgt_in,4009,-4.628283233044766,-1.645891170169919,0.21210906453249798,0.24745769004614157,-18.703331596531775,0.0,0.009771520133701823,"cluster_2way(u,v)",0.263681193176197,0.8553255175854327,wiki-elec,GINEConv,atomic,,,False,,0.0
twohop_in,4009,-0.06548023832127446,-0.012615774964383845,0.4391471197235415,0.5448236464482766,-0.12018611664185705,0.904335715368219,0.9366175557119679,"cluster_2way(u,v)",0.263681193176197,0.8553255175854327,wiki-elec,GINEConv,atomic,,,False,,0.904335715368219
twohop_out,4009,-0.3464438868211296,-0.06010042220257005,0.3223811949758521,0.31388985035269446,-1.1037116569135847,0.26971823736807554,0.7071985013299201,"cluster_2way(u,v)",0.263681193176197,0.8553255175854327,wiki-elec,GINEConv,atomic,,,False,,0.4315491797889209
const,4009,6.321886672531045,,0.421954396515734,0.4298661960748624,14.706638322009557,0.0,556.6221661676528,"cluster_2way(u,v)",0.22913646495441942,0.8720379146919431,wiki-elec,SiGAT,atomic,,,False,,
src_out,4009,-2.3689561670758215,-0.6999663907970933,0.2179829807173404,0.25259888478430975,-9.378331852488724,0.0,0.09357835548334842,"cluster_2way(u,v)",0.22913646495441942,0.8720379146919431,wiki-elec,SiGAT,atomic,,,False,,0.0
src_in,4009,0.531606884830516,0.17961597873661914,0.25714385074029145,0.32362570770554006,1.6426596286170612,0.1004533760641142,1.7016644917372545,"cluster_2way(u,v)",0.22913646495441942,0.8720379146919431,wiki-elec,SiGAT,atomic,,,False,,0.24108810255387408
tgt_out,4009,0.14902936475120776,0.05264936316860867,0.16288937224662892,0.17816577095223074,0.836464624796898,0.4028935697583238,1.1607070725830697,"cluster_2way(u,v)",0.22913646495441942,0.8720379146919431,wiki-elec,SiGAT,atomic,,,False,,0.5827734600117838
tgt_in,4009,-3.4803469065964805,-1.2376667447223069,0.1881211149949508,0.19586721031032067,-17.768910381081245,0.0,0.0307967255921754,"cluster_2way(u,v)",0.22913646495441942,0.8720379146919431,wiki-elec,SiGAT,atomic,,,False,,0.0
twohop_in,4009,-0.9458617004987087,-0.18223480345892695,0.4699110438661867,0.602007833627341,-1.5711783928117826,0.11614121751944428,0.388344789782913,"cluster_2way(u,v)",0.22913646495441942,0.8720379146919431,wiki-elec,SiGAT,atomic,,,False,,0.26546564004444406
twohop_out,4009,-0.4557641240562416,-0.07906508765936764,0.3396994860879412,0.3550833843645225,-1.28354111773465,0.19930256378829148,0.6339633561688245,"cluster_2way(u,v)",0.22913646495441942,0.8720379146919431,wiki-elec,SiGAT,atomic,,,False,,0.36794319468607656
const,9739,5.80773600100005,,0.2720243697565694,0.28221828908501967,20.578878923224003,0.0,332.86466667714456,"cluster_2way(u,v)",0.2453504194698115,0.8392032036143341,wiki-rfa,walk_full,atomic,,,False,,
src_out,9739,-1.8595371544985764,-0.5283110535947554,0.12633427986810053,0.15014006975644503,-12.385348944589474,0.0,0.15574469942179,"cluster_2way(u,v)",0.2453504194698115,0.8392032036143341,wiki-rfa,walk_full,atomic,,,False,,0.0
src_in,9739,-0.12051429306097701,-0.042184932935887334,0.14951536979667698,0.15979726814661407,-0.7541699207924198,0.4507471966319889,0.8864644169648637,"cluster_2way(u,v)",0.2453504194698115,0.8392032036143341,wiki-rfa,walk_full,atomic,,,False,,0.5932257759712511
tgt_out,9739,-0.1733013113829403,-0.06068778104905582,0.1076232561871711,0.12285092979075266,-1.4106634087191516,0.1583438851688901,0.8408842086856485,"cluster_2way(u,v)",0.2453504194698115,0.8392032036143341,wiki-rfa,walk_full,atomic,,,False,,0.3166877703377802
tgt_in,9739,-3.9596186414553896,-1.4260094013105111,0.12088790797105052,0.14754514291935994,-26.83665868702638,0.0,0.019070385559525577,"cluster_2way(u,v)",0.2453504194698115,0.8392032036143341,wiki-rfa,walk_full,atomic,,,False,,0.0
twohop_in,9739,-0.090868544460961,-0.016165774824258523,0.3124728125458302,0.3223658532809918,-0.28188017910741614,0.7780353883007753,0.913137740023678,"cluster_2way(u,v)",0.2453504194698115,0.8392032036143341,wiki-rfa,walk_full,atomic,,,False,,0.8118630138790699
twohop_out,9739,-0.28792927555245046,-0.0482724066337662,0.22361656414818573,0.2561706011059478,-1.123974704003477,0.2610237574200611,0.7498146205886245,"cluster_2way(u,v)",0.2453504194698115,0.8392032036143341,wiki-rfa,walk_full,atomic,,,False,,0.4315491797889209
const,9739,6.1042138082509165,,0.2779753554442073,0.29792157803636216,20.48933094569565,0.0,447.7404931640234,"cluster_2way(u,v)",0.25458520772379556,0.8411541225998562,wiki-rfa,walk_localattn4,atomic,,,False,,
src_out,9739,-2.1859232219841696,-0.621040239873617,0.1310461765188353,0.15769448329442612,-13.86176089561044,0.0,0.11237393965767242,"cluster_2way(u,v)",0.25458520772379556,0.8411541225998562,wiki-rfa,walk_localattn4,atomic,,,False,,0.0
src_in,9739,0.08108730491435617,0.028383874085650563,0.15080966455202166,0.15941250548550975,0.5086633866483381,0.6109881903548948,1.0844655716077534,"cluster_2way(u,v)",0.25458520772379556,0.8411541225998562,wiki-rfa,walk_localattn4,atomic,,,False,,0.7331858284258738
tgt_out,9739,-0.09909205986653377,-0.034700702406064515,0.10842953827885946,0.1333072022361014,-0.7433361304142523,0.4572782023111728,0.9056593293087095,"cluster_2way(u,v)",0.25458520772379556,0.8411541225998562,wiki-rfa,walk_localattn4,atomic,,,False,,0.5932257759712511
tgt_in,9739,-4.003752581076627,-1.441903712989381,0.12295323466269091,0.1448110872533578,-27.648108007584828,0.0,0.018247036766849977,"cluster_2way(u,v)",0.25458520772379556,0.8411541225998562,wiki-rfa,walk_localattn4,atomic,,,False,,0.0
twohop_in,9739,-0.15567305211515298,-0.027694682704858312,0.3158038296221736,0.32561609879344805,-0.4780877011056598,0.6325877853847435,0.855838959371121,"cluster_2way(u,v)",0.25458520772379556,0.8411541225998562,wiki-rfa,walk_localattn4,atomic,,,False,,0.740590578011407
twohop_out,9739,-0.40864700412937205,-0.06851117975118838,0.2268399888933846,0.28338886163062404,-1.4420009374327933,0.14930210915692999,0.6645487738966941,"cluster_2way(u,v)",0.25458520772379556,0.8411541225998562,wiki-rfa,walk_localattn4,atomic,,,False,,0.3115870104144626
const,9739,6.1370397973721165,,0.2980396853756021,0.362963744128184,16.908134480794764,0.0,462.6819094588137,"cluster_2way(u,v)",0.2788374021950836,0.869185748023411,wiki-rfa,GINEConv,atomic,,,False,,
src_out,9739,-2.016327350312378,-0.5728565434997697,0.1412860392971295,0.2080477344580726,-9.691657328374918,0.0,0.1331435578808149,"cluster_2way(u,v)",0.2788374021950836,0.869185748023411,wiki-rfa,GINEConv,atomic,,,False,,0.0
src_in,9739,-0.17895254835659158,-0.06264071305890029,0.16260525398737913,0.1771950081310957,-1.009918677981016,0.3125342532004025,0.8361455749373528,"cluster_2way(u,v)",0.2788374021950836,0.869185748023411,wiki-rfa,GINEConv,atomic,,,False,,0.48392400495546195
tgt_out,9739,0.09551849252290295,0.033449287337224506,0.11647846640424382,0.11663105487096734,0.8189799245885079,0.4127978675083468,1.1002291678588971,"cluster_2way(u,v)",0.2788374021950836,0.869185748023411,wiki-rfa,GINEConv,atomic,,,False,,0.5827734600117838
tgt_in,9739,-4.784038844926644,-1.7229144993095535,0.1566650354025959,0.16740489958138138,-28.577651292702786,0.0,0.008362157216452722,"cluster_2way(u,v)",0.2788374021950836,0.869185748023411,wiki-rfa,GINEConv,atomic,,,False,,0.0
twohop_in,9739,0.6766036088187005,0.12036972365220378,0.3336657920091911,0.3811958544851413,1.7749500705681833,0.0759061317268952,1.967185043236286,"cluster_2way(u,v)",0.2788374021950836,0.869185748023411,wiki-rfa,GINEConv,atomic,,,False,,0.2048373386476623
twohop_out,9739,-0.2547757009975549,-0.04271408739302183,0.2382568333877949,0.2624280857630498,-0.9708400694108467,0.3316279256831456,0.7750903304530503,"cluster_2way(u,v)",0.2788374021950836,0.869185748023411,wiki-rfa,GINEConv,atomic,,,False,,0.4974418885247184
const,9739,5.860012715645819,,0.2890079196043828,0.3285305492802895,17.837040508054194,0.0,350.7286037322631,"cluster_2way(u,v)",0.24510778955144374,0.867234829037889,wiki-rfa,SiGAT,atomic,,,False,,
src_out,9739,-2.1602576886034677,-0.6137484334428466,0.1403959443922635,0.15544915226971565,-13.896876612458218,0.0,0.11529540689733962,"cluster_2way(u,v)",0.24510778955144374,0.867234829037889,wiki-rfa,SiGAT,atomic,,,False,,0.0
src_in,9739,-0.07161342879055028,-0.02506762985623424,0.15949922041542486,0.18512821466432555,-0.3868315206323344,0.6988809402773704,0.9308906818020022,"cluster_2way(u,v)",0.24510778955144374,0.867234829037889,wiki-rfa,SiGAT,atomic,,,False,,0.7624155712116767
tgt_out,9739,-0.03475927979461626,-0.012172230808671192,0.11442237513201704,0.10985096280350891,-0.31642216788568706,0.7516820931482833,0.9658378849705233,"cluster_2way(u,v)",0.24510778955144374,0.867234829037889,wiki-rfa,SiGAT,atomic,,,False,,0.8017942326915021
tgt_in,9739,-4.064738138265007,-1.4638669336349999,0.13610754339953535,0.16140734508780047,-25.183105118629626,0.0,0.017167484192249432,"cluster_2way(u,v)",0.24510778955144374,0.867234829037889,wiki-rfa,SiGAT,atomic,,,False,,0.0
twohop_in,9739,0.3072613831246108,0.05466268180312565,0.330487427972091,0.3944258476551235,0.7790092483829123,0.43597426683390017,1.3596963233015338,"cluster_2way(u,v)",0.24510778955144374,0.867234829037889,wiki-rfa,SiGAT,atomic,,,False,,0.5932257759712511
twohop_out,9739,-0.13505106994342378,-0.022641810743717104,0.2343635182071885,0.25482708143240695,-0.5299714189884727,0.5961317471681178,0.873671292205223,"cluster_2way(u,v)",0.24510778955144374,0.867234829037889,wiki-rfa,SiGAT,atomic,,,False,,0.7331858284258738
src_out,13748,-1.9509843863472613,-0.5609215304656141,0.10642276108457616,0.12833639102853825,-15.202113529228196,0.0,0.14213408784322126,"cluster_2way(u,v)",0.24537364768113934,0.841358743089904,POOLED,walk_full,atomic,,,True,shared_slope,0.0
src_in,13748,-0.13162307135355938,-0.0456390486037375,0.12692337596418196,0.13699020412310375,-0.9608210469945625,0.33664215412988296,0.8766713753654545,"cluster_2way(u,v)",0.24537364768113934,0.841358743089904,POOLED,walk_full,atomic,,,True,shared_slope,0.475259511712776
tgt_out,13748,-0.19020797010818888,-0.06678672508911632,0.0884019914132274,0.10293846766010657,-1.8477831896258476,0.06463371371502746,0.8267871690452074,"cluster_2way(u,v)",0.24537364768113934,0.841358743089904,POOLED,walk_full,atomic,,,True,shared_slope,0.15512091291606592
tgt_in,13748,-3.867671744750033,-1.3885364158296842,0.09976998498607463,0.12161562757150664,-31.802423931710162,0.0,0.020906989611473442,"cluster_2way(u,v)",0.24537364768113934,0.841358743089904,POOLED,walk_full,atomic,,,True,shared_slope,0.0
twohop_in,13748,-0.09215108479108422,-0.016903685124471546,0.25352684415554133,0.2705530431951242,-0.34060265485398517,0.7334027305525757,0.9119673547387365,"cluster_2way(u,v)",0.24537364768113934,0.841358743089904,POOLED,walk_full,atomic,,,True,shared_slope,0.8669162008661673
twohop_out,13748,-0.3787272785260246,-0.06420469668334383,0.18437553104665316,0.21174907811345328,-1.7885663630757622,0.07368467907561804,0.6847323284143076,"cluster_2way(u,v)",0.24537364768113934,0.841358743089904,POOLED,walk_full,atomic,,,True,shared_slope,0.16076657252862117
ds_wiki-elec,13748,5.83143518382366,2.6503982761228286,0.22204388012334508,0.23672625085855986,24.633665099135328,0.0,340.84750703728383,"cluster_2way(u,v)",0.24537364768113934,0.841358743089904,POOLED,walk_full,atomic,,,True,shared_slope,
ds_wiki-rfa,13748,5.894146600110527,2.6789007329590113,0.2259974238711197,0.2392203592960447,24.63898397885226,0.0,362.90699891751603,"cluster_2way(u,v)",0.24537364768113934,0.841358743089904,POOLED,walk_full,atomic,,,True,shared_slope,
src_out,13748,-2.1956943012777455,-0.6312773267310617,0.10948674175808515,0.1316232538766917,-16.681659483473435,0.0,0.11128127194759586,"cluster_2way(u,v)",0.24930231986989482,0.8433954029677044,POOLED,walk_localattn4,atomic,,,True,shared_slope,0.0
src_in,13748,-0.021847893024043587,-0.007575549190272092,0.12772546397285883,0.1373304687734973,-0.15908991805800854,0.8735980312828462,0.9783890435322397,"cluster_2way(u,v)",0.24930231986989482,0.8433954029677044,POOLED,walk_localattn4,atomic,,,True,shared_slope,0.8735980312828463
tgt_out,13748,-0.13444082715276687,-0.0472055012137406,0.08888570564246556,0.10916477669888949,-1.2315403486199272,0.2181208355240285,0.8742046065217532,"cluster_2way(u,v)",0.24930231986989482,0.8433954029677044,POOLED,walk_localattn4,atomic,,,True,shared_slope,0.3710773469653084
tgt_in,13748,-3.8491742318417947,-1.3818956065856651,0.10031826366796204,0.11687314523192516,-32.93463373646208,0.0,0.02129731582439265,"cluster_2way(u,v)",0.24930231986989482,0.8433954029677044,POOLED,walk_localattn4,atomic,,,True,shared_slope,0.0
twohop_in,13748,-0.0483383245370274,-0.008866914798353881,0.25484330344673767,0.2709749488759856,-0.1783866912330332,0.8584193005326268,0.9528113730736263,"cluster_2way(u,v)",0.24930231986989482,0.8433954029677044,POOLED,walk_localattn4,atomic,,,True,shared_slope,0.8735980312828463
twohop_out,13748,-0.49599272888480955,-0.0840844177877325,0.1867865557739666,0.2363280644867802,-2.0987466298677977,0.03583924177554887,0.6089660689192333,"cluster_2way(u,v)",0.24930231986989482,0.8433954029677044,POOLED,walk_localattn4,atomic,,,True,shared_slope,0.09557131140146365
ds_wiki-elec,13748,5.9998133916646585,2.726926488772157,0.2251799070048687,0.24576450335461442,24.412855842763868,0.0,403.35351734094974,"cluster_2way(u,v)",0.24930231986989482,0.8433954029677044,POOLED,walk_localattn4,atomic,,,True,shared_slope,
ds_wiki-rfa,13748,6.053901585550337,2.751509674782844,0.22909171933338837,0.24772206537717356,24.438281573072075,0.0,425.7709755193956,"cluster_2way(u,v)",0.24930231986989482,0.8433954029677044,POOLED,walk_localattn4,atomic,,,True,shared_slope,
src_out,13748,-1.5317956002493318,-0.44040184968421286,0.11071335908859568,0.15892275227842922,-9.638617367799288,0.0,0.21614720468395748,"cluster_2way(u,v)",0.27107606794431516,0.8651440209485016,POOLED,GINEConv,atomic,,,True,shared_slope,0.0
src_in,13748,-0.08313598266180725,-0.02882661158414818,0.13479456339753876,0.15633263898480484,-0.5317890313991812,0.5948721204528562,0.9202260039301801,"cluster_2way(u,v)",0.27107606794431516,0.8651440209485016,POOLED,GINEConv,atomic,,,True,shared_slope,0.751417415308871
tgt_out,13748,0.13976931832539702,0.04907646632042788,0.09330332668001533,0.09424414096622781,1.4830557835471498,0.13805959041286164,1.1500084823740568,"cluster_2way(u,v)",0.27107606794431516,0.8651440209485016,POOLED,GINEConv,atomic,,,True,shared_slope,0.2761191808257233
tgt_in,13748,-4.711699101975267,-1.6915514591964118,0.12551754622867825,0.13829490468603595,-34.06993997842511,0.0,0.008989490537860962,"cluster_2way(u,v)",0.27107606794431516,0.8651440209485016,POOLED,GINEConv,atomic,,,True,shared_slope,0.0
twohop_in,13748,0.37643058992644457,0.06905034463524082,0.26485451296713275,0.3148942508974388,1.1954190616488842,0.23192334185331775,1.4570744002729137,"cluster_2way(u,v)",0.27107606794431516,0.8651440209485016,POOLED,GINEConv,atomic,,,True,shared_slope,0.3710773469653084
twohop_out,13748,-0.2834707899164526,-0.048056100305230894,0.19082786908070004,0.20528213678861743,-1.3808838623321005,0.16731467258200516,0.7531651218348903,"cluster_2way(u,v)",0.27107606794431516,0.8651440209485016,POOLED,GINEConv,atomic,,,True,shared_slope,0.3088886263052403
ds_wiki-elec,13748,5.64596676810462,2.566102531798932,0.23405827706655516,0.2647295524822413,21.327300692971804,0.0,283.1471615897387,"cluster_2way(u,v)",0.27107606794431516,0.8651440209485016,POOLED,GINEConv,atomic,,,True,shared_slope,
ds_wiki-rfa,13748,5.915671275957232,2.6886837386788494,0.2391720838989264,0.2743120134254765,21.565483779165096,0.0,370.803130405273,"cluster_2way(u,v)",0.27107606794431516,0.8651440209485016,POOLED,GINEConv,atomic,,,True,shared_slope,
src_out,13748,-2.21215970375324,-0.636011244040148,0.11768182073004199,0.13264593642904624,-16.677176574772407,0.0,0.10946398326858084,"cluster_2way(u,v)",0.23936092676699983,0.8686354378818737,POOLED,SiGAT,atomic,,,True,shared_slope,0.0
src_in,13748,0.10090539918994963,0.03498798782501673,0.13518564306276268,0.16480692599356458,0.6122643122042687,0.5403628973706196,1.106171992047025,"cluster_2way(u,v)",0.23936092676699983,0.8686354378818737,POOLED,SiGAT,atomic,,,True,shared_slope,0.7204838631608261
tgt_out,13748,0.025847705323868216,0.009075768952624743,0.09331945065222498,0.09458532311833563,0.2732739548981629,0.7846426346053819,1.0261846541127952,"cluster_2way(u,v)",0.23936092676699983,0.8686354378818737,POOLED,SiGAT,atomic,,,True,shared_slope,0.8669162008661673
tgt_in,13748,-3.8784437000483987,-1.3924036654797542,0.11006743134419956,0.12562216087808145,-30.873881430940337,0.0,0.020682989081789522,"cluster_2way(u,v)",0.23936092676699983,0.8686354378818737,POOLED,SiGAT,atomic,,,True,shared_slope,0.0
twohop_in,13748,-0.08720945468934602,-0.015997219840522166,0.2700182330443616,0.3351025185477289,-0.26024708816661646,0.79467318412732,0.9164851134233448,"cluster_2way(u,v)",0.23936092676699983,0.8686354378818737,POOLED,SiGAT,atomic,,,True,shared_slope,0.8669162008661673
twohop_out,13748,-0.24226645159343094,-0.04107083097273486,0.19230281665034643,0.21192162584109886,-1.1431889059547182,0.25296016741348604,0.7848470259480145,"cluster_2way(u,v)",0.23936092676699983,0.8686354378818737,POOLED,SiGAT,atomic,,,True,shared_slope,0.37944025112022906
ds_wiki-elec,13748,5.964699598044071,2.710967203425335,0.23702379492124012,0.25536781005622783,23.35728844105583,0.0,389.43602315440245,"cluster_2way(u,v)",0.23936092676699983,0.8686354378818737,POOLED,SiGAT,atomic,,,True,shared_slope,
ds_wiki-rfa,13748,6.02643918923964,2.7390279639268296,0.2410758133102927,0.2676072270978245,22.51971762719495,0.0,414.237379209742,"cluster_2way(u,v)",0.23936092676699983,0.8686354378818737,POOLED,SiGAT,atomic,,,True,shared_slope,
const,4009,2.4410928197893482,,0.07418568258212714,0.07764182891359679,31.440434285826814,0.0,11.485585562127492,"cluster_2way(u,v)",0.24672357002266465,0.846595160888002,wiki-elec,walk_full,atomic_zscored,,,False,,
src_out,4009,-0.6435645035495126,-0.6435645035495146,0.05872597859976038,0.0723263701088142,-8.898061697016969,0.0,0.5254162341551962,"cluster_2way(u,v)",0.24672357002266465,0.846595160888002,wiki-elec,walk_full,atomic_zscored,,,False,,0.0
src_in,4009,-0.05641545300225196,-0.05641545300225226,0.08247429455680272,0.08863059999631978,-0.6365234242416784,0.5244353183556472,0.945146390406938,"cluster_2way(u,v)",0.24672357002266465,0.846595160888002,wiki-elec,walk_full,atomic_zscored,,,False,,0.6624446126597648
tgt_out,4009,-0.0872217826058296,-0.08722178260582851,0.05526078647873175,0.06652918024539871,-1.3110304724048067,0.18984746869962743,0.9164738151410503,"cluster_2way(u,v)",0.24672357002266465,0.846595160888002,wiki-elec,walk_full,atomic_zscored,,,False,,0.36450713990328465
tgt_in,4009,-1.3014504140716319,-1.3014504140716423,0.06298871759704845,0.07660152982571178,-16.989874967677107,0.0,0.27213679561058596,"cluster_2way(u,v)",0.24672357002266465,0.846595160888002,wiki-elec,walk_full,atomic_zscored,,,False,,0.0
twohop_in,4009,-0.021708583236377914,-0.021708583236377924,0.08470417731383555,0.09554185169179451,-0.22721543336219774,0.8202562274321505,0.9785253521964937,"cluster_2way(u,v)",0.24672357002266465,0.846595160888002,wiki-elec,walk_full,atomic_zscored,,,False,,0.8377084875902814
twohop_out,4009,-0.10560843398063999,-0.10560843398064008,0.05716679882657552,0.06347939967945547,-1.6636646615109563,0.09617946205968786,0.8997769011657548,"cluster_2way(u,v)",0.24672357002266465,0.846595160888002,wiki-elec,walk_full,atomic_zscored,,,False,,0.2410881025539103
const,4009,2.4316242037912623,,0.073270388361709,0.07082612527980633,34.332305970217426,0.0,11.37734621003621,"cluster_2way(u,v)",0.2385405140197091,0.8488401097530556,wiki-elec,walk_localattn4,atomic_zscored,,,False,,
src_out,4009,-0.6611105436651461,-0.6611105436651482,0.05920761608911357,0.07101456637357487,-9.309506167894465,0.0,0.5162776671166508,"cluster_2way(u,v)",0.2385405140197091,0.8488401097530556,wiki-elec,walk_localattn4,atomic_zscored,,,False,,0.0
src_in,4009,-0.1032805867464204,-0.10328058674642096,0.08274148503319993,0.0912246800963019,-1.132156195422024,0.25756877269177814,0.9018738841175903,"cluster_2way(u,v)",0.2385405140197091,0.8488401097530556,wiki-elec,walk_localattn4,atomic_zscored,,,False,,0.4315491797889628
tgt_out,4009,-0.08099255080376133,-0.08099255080376032,0.05531794606181325,0.06656743005636175,-1.2166993788882345,0.22371861548066097,0.9222005610719722,"cluster_2way(u,v)",0.2385405140197091,0.8488401097530556,wiki-elec,walk_localattn4,atomic_zscored,,,False,,0.3977219830767306
tgt_in,4009,-1.251565388774641,-1.251565388774651,0.0620136931941959,0.07022939763405796,-17.82110385306353,0.0,0.286056656315905,"cluster_2way(u,v)",0.2385405140197091,0.8488401097530556,wiki-elec,walk_localattn4,atomic_zscored,,,False,,0.0
twohop_in,4009,0.04245449772677899,0.04245449772677901,0.08437048772395131,0.09417466523754375,0.45080593193182966,0.6521294256206085,1.0433685796513554,"cluster_2way(u,v)",0.2385405140197091,0.8488401097530556,wiki-elec,walk_localattn4,atomic_zscored,,,False,,0.7452907721378382
twohop_out,4009,-0.1290923026280073,-0.12909230262800742,0.057872216322611386,0.07295498598210695,-1.7694788216348734,0.07681400199285959,0.8788928376828283,"cluster_2way(u,v)",0.2385405140197091,0.8488401097530556,wiki-elec,walk_localattn4,atomic_zscored,,,False,,0.20483733864762557
const,4009,2.6708657689025275,,0.08685330664468768,0.10324324375275869,25.86964213656994,0.0,14.452476282426863,"cluster_2way(u,v)",0.2636811931761972,0.8553255175854327,wiki-elec,GINEConv,atomic_zscored,,,False,,
src_out,4009,-0.1921039634405416,-0.19210396344054265,0.053583181880041006,0.06601023331387462,-2.910214883306032,0.003611803385354939,0.8252210712100989,"cluster_2way(u,v)",0.2636811931761972,0.8553255175854327,wiki-elec,GINEConv,atomic_zscored,,,False,,0.010835410156064817
src_in,4009,0.03936838285433925,0.03936838285433945,0.08244318618002373,0.1007427664948732,0.3907812364507849,0.6959589454963204,1.0401535878289556,"cluster_2way(u,v)",0.2636811931761972,0.8553255175854327,wiki-elec,GINEConv,atomic_zscored,,,False,,0.7624155712116658
tgt_out,4009,0.08365572777524773,0.0836557277752466,0.05570660143485303,0.056740751152833585,1.4743500231415254,0.14038737310073435,1.0872545178371718,"cluster_2way(u,v)",0.2636811931761972,0.8553255175854327,wiki-elec,GINEConv,atomic_zscored,,,False,,0.30629972312887493
tgt_in,4009,-1.6458911701699177,-1.6458911701699284,0.07542935875974338,0.08799989251514453,-18.703331596531942,0.0,0.19284063237638888,"cluster_2way(u,v)",0.2636811931761972,0.8553255175854327,wiki-elec,GINEConv,atomic_zscored,,,False,,0.0
twohop_in,4009,-0.012615774964381186,-0.012615774964381194,0.08460844646757414,0.10496865459076082,-0.12018611664183039,0.9043357153682401,0.9874634703276187,"cluster_2way(u,v)",0.2636811931761972,0.8553255175854327,wiki-elec,GINEConv,atomic_zscored,,,False,,0.9043357153682402
twohop_out,4009,-0.06010042220256936,-0.06010042220256943,0.055926072490410726,0.0544530102822663,-1.1037116569135252,0.26971823736810174,0.9416699642639936,"cluster_2way(u,v)",0.2636811931761972,0.8553255175854327,wiki-elec,GINEConv,atomic_zscored,,,False,,0.4315491797889628
const,4009,2.6710903569569844,,0.08101004582442548,0.08353368480044472,31.976206524804997,0.0,14.45572250047447,"cluster_2way(u,v)",0.22913646495441942,0.8720379146919431,wiki-elec,SiGAT,atomic_zscored,,,False,,
src_out,4009,-0.6999663907970936,-0.6999663907970956,0.06440843540649126,0.07463655603223014,-9.378331852488325,0.0,0.4966019939081142,"cluster_2way(u,v)",0.22913646495441942,0.8720379146919431,wiki-elec,SiGAT,atomic_zscored,,,False,,0.0
src_in,4009,0.17961597873661916,0.1796159787366201,0.08688214119263407,0.10934461138966692,1.6426596286169883,0.1004533760641293,1.196757694464401,"cluster_2way(u,v)",0.22913646495441942,0.8720379146919431,wiki-elec,SiGAT,atomic_zscored,,,False,,0.2410881025539103
tgt_out,4009,0.05264936316860859,0.0526493631686079,0.0575458516516964,0.06294272537992164,0.8364646247968701,0.40289356975833934,1.0540599880611432,"cluster_2way(u,v)",0.22913646495441942,0.8720379146919431,wiki-elec,SiGAT,atomic_zscored,,,False,,0.5827734600119311
tgt_in,4009,-1.237666744722307,-1.2376667447223166,0.06689886217032981,0.0696534969324882,-17.768910381081344,0.0,0.2900602135212868,"cluster_2way(u,v)",0.22913646495441942,0.8720379146919431,wiki-elec,SiGAT,atomic_zscored,,,False,,0.0
twohop_in,4009,-0.18223480345892698,-0.18223480345892695,0.09053558958670746,0.11598606771368285,-1.5711783928116463,0.11614121751947604,0.8334056309151725,"cluster_2way(u,v)",0.22913646495441942,0.8720379146919431,wiki-elec,SiGAT,atomic_zscored,,,False,,0.26546564004451667
twohop_out,4009,-0.07906508765936755,-0.07906508765936768,0.0589304164758531,0.06159918569568062,-1.2835411177344778,0.19930256378835187,0.923979782806503,"cluster_2way(u,v)",0.22913646495441942,0.8720379146919431,wiki-elec,SiGAT,atomic_zscored,,,False,,0.3679431946861881
const,9739,2.41270952539305,,0.04858791808489375,0.05521143147238289,43.69945609180415,0.0,11.16416980259395,"cluster_2way(u,v)",0.2453504194698115,0.8392032036143341,wiki-rfa,walk_full,atomic_zscored,,,False,,
src_out,9739,-0.5283110535947552,-0.5283110535947544,0.035892693157963895,0.042656129912718325,-12.385348944589422,0.0,0.5895999319084295,"cluster_2way(u,v)",0.2453504194698115,0.8392032036143341,wiki-rfa,walk_full,atomic_zscored,,,False,,0.0
src_in,9739,-0.04218493293588744,-0.04218493293588648,0.05233649625745879,0.055935581323038226,-0.7541699207926655,0.45074719663184126,0.9586924703645835,"cluster_2way(u,v)",0.2453504194698115,0.8392032036143341,wiki-rfa,walk_full,atomic_zscored,,,False,,0.5932257759712495
tgt_out,9739,-0.06068778104905614,-0.06068778104905674,0.037688212253867176,0.04302073809666918,-1.4106634087190335,0.15834388516892517,0.9411170284817704,"cluster_2way(u,v)",0.2453504194698115,0.8392032036143341,wiki-rfa,walk_full,atomic_zscored,,,False,,0.31668777033785034
tgt_in,9739,-1.426009401310511,-1.4260094013105085,0.043536337430746794,0.05313662248124382,-26.83665868702634,0.0,0.2402658161351301,"cluster_2way(u,v)",0.2453504194698115,0.8392032036143341,wiki-rfa,walk_full,atomic_zscored,,,False,,0.0
twohop_in,9739,-0.016165774824258343,-0.016165774824258426,0.05558981005233973,0.057349810389082684,-0.2818801791075445,0.7780353883006768,0.9839641900435532,"cluster_2way(u,v)",0.2453504194698115,0.8392032036143341,wiki-rfa,walk_full,atomic_zscored,,,False,,0.811863013878967
twohop_out,9739,-0.04827240663376551,-0.04827240663376541,0.037490143000901664,0.04294794754884513,-1.123974704003371,0.261023757420106,0.9528741824716526,"cluster_2way(u,v)",0.2453504194698115,0.8392032036143341,wiki-rfa,walk_full,atomic_zscored,,,False,,0.4315491797889628
const,9739,2.4706872923464003,,0.049948932504323924,0.05360062584143994,46.09437396598926,0.0,11.830575121812196,"cluster_2way(u,v)",0.25458520772379556,0.8411541225998562,wiki-rfa,walk_localattn4,atomic_zscored,,,False,,
src_out,9739,-0.6210402398736168,-0.6210402398736159,0.037231384927556795,0.04480240602550647,-13.86176089561021,0.0,0.5373851372945697,"cluster_2way(u,v)",0.25458520772379556,0.8411541225998562,wiki-rfa,walk_localattn4,atomic_zscored,,,False,,0.0
src_in,9739,0.028383874085651507,0.028383874085650865,0.052789552372775175,0.0558008986506274,0.5086633866483864,0.6109881903548611,1.028790534656008,"cluster_2way(u,v)",0.25458520772379556,0.8411541225998562,wiki-rfa,walk_localattn4,atomic_zscored,,,False,,0.7331858284258332
tgt_out,9739,-0.03470070240606452,-0.03470070240606487,0.03797056136394253,0.046682383630035774,-0.7433361304142543,0.45727820231117144,0.9658944628886663,"cluster_2way(u,v)",0.25458520772379556,0.8411541225998562,wiki-rfa,walk_localattn4,atomic_zscored,,,False,,0.5932257759712495
tgt_in,9739,-1.4419037129893808,-1.4419037129893784,0.04428014019200971,0.052151984960197004,-27.64810800758319,0.0,0.2364771452857515,"cluster_2way(u,v)",0.25458520772379556,0.8411541225998562,wiki-rfa,walk_localattn4,atomic_zscored,,,False,,0.0
twohop_in,9739,-0.027694682704859513,-0.027694682704859655,0.056182407549218,0.05792803839296511,-0.47808770110577065,0.6325877853846646,0.9726852991142034,"cluster_2way(u,v)",0.25458520772379556,0.8411541225998562,wiki-rfa,walk_localattn4,atomic_zscored,,,False,,0.7405905780113147
twohop_out,9739,-0.06851117975118837,-0.06851117975118823,0.03803056206650033,0.047511189467847,-1.4420009374329184,0.14930210915689446,0.9337830205833333,"cluster_2way(u,v)",0.25458520772379556,0.8411541225998562,wiki-rfa,walk_localattn4,atomic_zscored,,,False,,0.3115870104143884
const,9739,2.983148646495114,,0.06523606646540442,0.07895836929888882,37.781284909807475,0.0,19.749904314404453,"cluster_2way(u,v)",0.2788374021950836,0.869185748023411,wiki-rfa,GINEConv,atomic_zscored,,,False,,
src_out,9739,-0.5728565434997678,-0.572856543499767,0.04014062106730172,0.059108212774152305,-9.691657328375099,0.0,0.5639122957870327,"cluster_2way(u,v)",0.2788374021950836,0.869185748023411,wiki-rfa,GINEConv,atomic_zscored,,,False,,0.0
src_in,9739,-0.06264071305892285,-0.06264071305892269,0.05691849124492627,0.06202550207717266,-1.0099186779815945,0.3125342532001256,0.9392808844276458,"cluster_2way(u,v)",0.2788374021950836,0.869185748023411,wiki-rfa,GINEConv,atomic_zscored,,,False,,0.48392400495503324
tgt_out,9739,0.03344928733721792,0.03344928733721826,0.04078918739657263,0.04084262181888255,0.8189799245883254,0.41279786750845116,1.0340150047423824,"cluster_2way(u,v)",0.2788374021950836,0.869185748023411,wiki-rfa,GINEConv,atomic_zscored,,,False,,0.5827734600119311
tgt_in,9739,-1.7229144993095398,-1.722914499309572,0.0564210429261529,0.060288876845161904,-28.577651292699464,0.0,0.17854501953008242,"cluster_2way(u,v)",0.2788374021950836,0.869185748023411,wiki-rfa,GINEConv,atomic_zscored,,,False,,0.0
twohop_in,9739,0.12036972365223425,0.1203697236522343,0.059360101916180144,0.06781583642723739,1.774950070569199,0.07590613172672755,1.1279137909046397,"cluster_2way(u,v)",0.2788374021950836,0.869185748023411,wiki-rfa,GINEConv,atomic_zscored,,,False,,0.20483733864762557
twohop_out,9739,-0.04271408739300648,-0.042714087393006306,0.03994463821888867,0.04399703796624809,-0.9708400694104495,0.3316279256833432,0.9581853081662864,"cluster_2way(u,v)",0.2788374021950836,0.869185748023411,wiki-rfa,GINEConv,atomic_zscored,,,False,,0.4974418885250148
const,9739,2.7468171643920174,,0.05632148560879176,0.06640022417366653,41.367588717891245,0.0,15.592923107820658,"cluster_2way(u,v)",0.24510778955144374,0.867234829037889,wiki-rfa,SiGAT,atomic_zscored,,,False,,
src_out,9739,-0.6137484334428466,-0.6137484334428456,0.03988773718388572,0.04416448750021075,-13.896876612457413,0.0,0.5413179669850667,"cluster_2way(u,v)",0.24510778955144374,0.867234829037889,wiki-rfa,SiGAT,atomic_zscored,,,False,,0.0
src_in,9739,-0.02506762985623424,-0.02506762985623367,0.055831252423698415,0.06480244891951031,-0.38683152063234816,0.6988809402773604,0.9752439541895831,"cluster_2way(u,v)",0.24510778955144374,0.867234829037889,wiki-rfa,SiGAT,atomic_zscored,,,False,,0.7624155712116658
tgt_out,9739,-0.012172230808671327,-0.012172230808671435,0.04006917197401217,0.038468325054486045,-0.3164221678856757,0.7516820931482919,0.9879015511257664,"cluster_2way(u,v)",0.24510778955144374,0.867234829037889,wiki-rfa,SiGAT,atomic_zscored,,,False,,0.8017942326915114
tgt_in,9739,-1.4638669336349992,-1.4638669336349928,0.04901750750564253,0.058128929166569136,-25.18310511862813,0.0,0.2313399665667184,"cluster_2way(u,v)",0.24510778955144374,0.867234829037889,wiki-rfa,SiGAT,atomic_zscored,,,False,,0.0
twohop_in,9739,0.05466268180312571,0.054662681803126,0.058794661833064255,0.07016949017818438,0.7790092483829999,0.43597426683384843,1.056184284402149,"cluster_2way(u,v)",0.24510778955144374,0.867234829037889,wiki-rfa,SiGAT,atomic_zscored,,,False,,0.5932257759712495
twohop_out,9739,-0.02264181074371682,-0.022641810743716767,0.039291909547272554,0.04272270151272882,-0.5299714189883546,0.5961317471681995,0.9776125913941842,"cluster_2way(u,v)",0.24510778955144374,0.867234829037889,wiki-rfa,SiGAT,atomic_zscored,,,False,,0.7331858284258332
src_out,13748,-0.560921530465614,-0.5609215304656046,0.030597281270764002,0.036897601730650695,-15.202113529228612,0.0,0.570682919760381,"cluster_2way(u,v)",0.24537364768113934,0.841358743089904,POOLED,walk_full,atomic_zscored,,,True,shared_slope,0.0
src_in,13748,-0.0456390486037377,-0.04563904860373765,0.044009473909172134,0.04750005086430256,-0.960821046994637,0.33664215412984566,0.9553867481421984,"cluster_2way(u,v)",0.24537364768113934,0.841358743089904,POOLED,walk_full,atomic_zscored,,,True,shared_slope,0.4752595117127233
tgt_out,13748,-0.06678672508911639,-0.06678672508911551,0.031040126733320662,0.03614424325542481,-1.847783189625709,0.06463371371504767,0.9353946762807448,"cluster_2way(u,v)",0.24537364768113934,0.841358743089904,POOLED,walk_full,atomic_zscored,,,True,shared_slope,0.1551209129161144
tgt_in,13748,-1.3885364158296842,-1.3885364158296825,0.035818514729951026,0.04366133911085826,-31.80242393171045,0.0,0.24944011420438067,"cluster_2way(u,v)",0.24537364768113934,0.841358743089904,POOLED,walk_full,atomic_zscored,,,True,shared_slope,0.0
twohop_in,13748,-0.016903685124471178,-0.016903685124471053,0.04650556153431931,0.04962875328061071,-0.3406026548540203,0.7334027305525492,0.9832383805567619,"cluster_2way(u,v)",0.24537364768113934,0.841358743089904,POOLED,walk_full,atomic_zscored,,,True,shared_slope,0.8669162008662231
twohop_out,13748,-0.06420469668334348,-0.06420469668334372,0.03125672672101706,0.035897296297661446,-1.7885663630752644,0.0736846790756982,0.9378130126685733,"cluster_2way(u,v)",0.24537364768113934,0.841358743089904,POOLED,walk_full,atomic_zscored,,,True,shared_slope,0.1607665725287961
ds_wiki-elec,13748,2.373574225625449,1.078793956811559,0.058027188394428504,0.062075773745731366,38.236723964937575,0.0,10.73569558928852,"cluster_2way(u,v)",0.24537364768113934,0.841358743089904,POOLED,walk_full,atomic_zscored,,,True,shared_slope,
ds_wiki-rfa,13748,2.4362856419123147,1.1072964136477415,0.04438497607621908,0.050531705618795976,48.21301026906371,0.0,11.430504806874046,"cluster_2way(u,v)",0.24537364768113934,0.841358743089904,POOLED,walk_full,atomic_zscored,,,True,shared_slope,
src_out,13748,-0.6312773267310618,-0.6312773267310512,0.03147819694632112,0.037842597575884825,-16.68165948347433,0.0,0.5319119415564876,"cluster_2way(u,v)",0.2493023198698947,0.8433954029677044,POOLED,walk_localattn4,atomic_zscored,,,True,shared_slope,0.0
src_in,13748,-0.007575549190272499,-0.0075755491902724905,0.044287590300447405,0.047618034396823015,-0.1590899180579769,0.8735980312828711,0.9924530729607192,"cluster_2way(u,v)",0.2493023198698947,0.8433954029677044,POOLED,walk_localattn4,atomic_zscored,,,True,shared_slope,0.8735980312828712
tgt_out,13748,-0.04720550121374052,-0.047205501213739905,0.031209970768938514,0.03833045443183704,-1.231540348619815,0.21812083552407024,0.9538913516166845,"cluster_2way(u,v)",0.2493023198698947,0.8433954029677044,POOLED,walk_localattn4,atomic_zscored,,,True,shared_slope,0.37107734696511513
tgt_in,13748,-1.3818956065856651,-1.3818956065856633,0.036015352767424125,0.04195873613301506,-32.93463373646105,0.0,0.25110211081396133,"cluster_2way(u,v)",0.2493023198698947,0.8433954029677044,POOLED,walk_localattn4,atomic_zscored,,,True,shared_slope,0.0
twohop_in,13748,-0.008866914798353498,-0.008866914798353432,0.046747045542769795,0.04970614532433522,-0.17838669123297354,0.8584193005326739,0.9911722803584123,"cluster_2way(u,v)",0.2493023198698947,0.8433954029677044,POOLED,walk_localattn4,atomic_zscored,,,True,shared_slope,0.8735980312828712
twohop_out,13748,-0.08408441778773268,-0.084084417787733,0.03166546176623173,0.040064110927501694,-2.0987466298675206,0.035839241775573294,0.9193536430185211,"cluster_2way(u,v)",0.2493023198698947,0.8433954029677044,POOLED,walk_localattn4,atomic_zscored,,,True,shared_slope,0.09557131140152879
ds_wiki-elec,13748,2.415342535306698,1.0977777322435205,0.058770131480050884,0.06255010856230687,38.61452187410271,0.0,11.193603905499288,"cluster_2way(u,v)",0.2493023198698947,0.8433954029677044,POOLED,walk_localattn4,atomic_zscored,,,True,shared_slope,
ds_wiki-rfa,13748,2.469430729192376,1.1223609182542067,0.04493451022905852,0.04854177556849588,50.872278573902484,0.0,11.815718593061332,"cluster_2way(u,v)",0.2493023198698947,0.8433954029677044,POOLED,walk_localattn4,atomic_zscored,,,True,shared_slope,
src_out,13748,-0.4404018496842111,-0.4404018496842018,0.03183085792871742,0.045691392538884656,-9.638617367798908,0.0,0.6437776672442649,"cluster_2way(u,v)",0.27107606794431516,0.8651440209485016,POOLED,GINEConv,atomic_zscored,,,True,shared_slope,0.0
src_in,13748,-0.02882661158414331,-0.028826611584143288,0.04673873331746103,0.05420685625706907,-0.5317890313992163,0.5948721204528318,0.97158491143147,"cluster_2way(u,v)",0.27107606794431516,0.8651440209485016,POOLED,GINEConv,atomic_zscored,,,True,shared_slope,0.7514174153088401
tgt_out,13748,0.04907646632043173,0.04907646632043117,0.032761106831296516,0.03309145000807132,1.4830557835471552,0.1380595904128601,1.0503006602963407,"cluster_2way(u,v)",0.27107606794431516,0.8651440209485016,POOLED,GINEConv,atomic_zscored,,,True,shared_slope,0.2761191808257202
tgt_in,13748,-1.6915514591964103,-1.6915514591964156,0.04506217054244107,0.04964938183828937,-34.06993997842474,0.0,0.1842334714373851,"cluster_2way(u,v)",0.27107606794431516,0.8651440209485016,POOLED,GINEConv,atomic_zscored,,,True,shared_slope,0.0
twohop_in,13748,0.06905034463523362,0.06905034463523337,0.048583446425408384,0.057762459082735536,1.1954190616491929,0.23192334185319696,1.0714901515713162,"cluster_2way(u,v)",0.27107606794431516,0.8651440209485016,POOLED,GINEConv,atomic_zscored,,,True,shared_slope,0.37107734696511513
twohop_out,13748,-0.04805610030523567,-0.04805610030523562,0.0323505755929168,0.03480097176606484,-1.3808838623321487,0.1673146725819903,0.9530803174809637,"cluster_2way(u,v)",0.27107606794431516,0.8651440209485016,POOLED,GINEConv,atomic_zscored,,,True,shared_slope,0.30888862630521285
ds_wiki-elec,13748,2.6774463121753866,1.216904392573226,0.06621008924185297,0.07698577423677302,34.77845535385261,0.0,14.54789503729542,"cluster_2way(u,v)",0.27107606794431516,0.8651440209485016,POOLED,GINEConv,atomic_zscored,,,True,shared_slope,
ds_wiki-rfa,13748,2.9471508200279994,1.339485599453144,0.056014354635563444,0.06910740089001836,42.64595082541551,0.0,19.051594903333754,"cluster_2way(u,v)",0.27107606794431516,0.8651440209485016,POOLED,GINEConv,atomic_zscored,,,True,shared_slope,
src_out,13748,-0.6360112440401471,-0.6360112440401362,0.033834338938745094,0.03813662589638856,-16.677176574773377,0.0,0.529399865081892,"cluster_2way(u,v)",0.23936092676699983,0.8686354378818737,POOLED,SiGAT,atomic_zscored,,,True,shared_slope,0.0
src_in,13748,0.03498798782501673,0.03498798782501669,0.04687433647325043,0.057145234709268994,0.612264312204175,0.5403628973706815,1.0356072688291806,"cluster_2way(u,v)",0.23936092676699983,0.8686354378818737,POOLED,SiGAT,atomic_zscored,,,True,shared_slope,0.7204838631609087
tgt_out,13748,0.00907576895262468,0.00907576895262456,0.03276676835693296,0.03321124750438385,0.27327395489816175,0.7846426346053827,1.0091170786214265,"cluster_2way(u,v)",0.23936092676699983,0.8686354378818737,POOLED,SiGAT,atomic_zscored,,,True,shared_slope,0.8669162008662231
tgt_in,13748,-1.3924036654797536,-1.3924036654797525,0.03951541048583289,0.045099728344631246,-30.873881430940102,0.0,0.24847732987361307,"cluster_2way(u,v)",0.23936092676699983,0.8686354378818737,POOLED,SiGAT,atomic_zscored,,,True,shared_slope,0.0
twohop_in,13748,-0.015997219840522003,-0.015997219840521885,0.049530650665657885,0.06146935188871077,-0.26024708816655007,0.7946731841273713,0.9841300560899848,"cluster_2way(u,v)",0.23936092676699983,0.8686354378818737,POOLED,SiGAT,atomic_zscored,,,True,shared_slope,0.8669162008662231
twohop_out,13748,-0.04107083097273419,-0.041070830972734354,0.03260061979807904,0.03592654788618204,-1.1431889059547167,0.2529601674134867,0.9597611467245535,"cluster_2way(u,v)",0.23936092676699983,0.8686354378818737,POOLED,SiGAT,atomic_zscored,,,True,shared_slope,0.37944025112023005
ds_wiki-elec,13748,2.6716286490493153,1.214260253723295,0.0638451855686985,0.07357828620105,36.31001463868276,0.0,14.463505996294588,"cluster_2way(u,v)",0.23936092676699983,0.8686354378818737,POOLED,SiGAT,atomic_zscored,,,True,shared_slope,
ds_wiki-rfa,13748,2.7333682402448845,1.2423210142247894,0.04983315937309277,0.056702380865945506,48.20552855985099,0.0,15.384618940898633,"cluster_2way(u,v)",0.23936092676699983,0.8686354378818737,POOLED,SiGAT,atomic_zscored,,,True,shared_slope,
const,10370,4.558744134424305,,0.10319727871493149,0.12219980010663756,37.30565950554846,0.0,95.46351517365107,"cluster_2way(u,v)",0.20261927067868413,0.8281581485053038,wiki-elec,walk_full,srctgt2,,,False,,
src_out,10370,-1.5760719717522609,-0.49948525366121116,0.10145664750904361,0.1353676874895686,-11.642896476854661,0.0,0.2067857653283008,"cluster_2way(u,v)",0.20261927067868413,0.8281581485053038,wiki-elec,walk_full,srctgt2,,,False,,0.0
tgt_in,10370,-3.339233900546148,-1.2030253794454653,0.09976466489455418,0.1237152391668753,-26.9912900224197,0.0,0.03546411635733503,"cluster_2way(u,v)",0.20261927067868413,0.8281581485053038,wiki-elec,walk_full,srctgt2,,,False,,0.0
const,10370,4.64561938424541,,0.10556508729255121,0.12209289544003737,38.049874790028056,0.0,104.12784096009956,"cluster_2way(u,v)",0.20551387706759527,0.8327868852459016,wiki-elec,walk_localattn4,srctgt2,,,False,,
src_out,10370,-1.5872240487331142,-0.5030195453049093,0.10285267878497585,0.13153595032523646,-12.066845944462605,0.0,0.20449248573773854,"cluster_2way(u,v)",0.20551387706759527,0.8327868852459016,wiki-elec,walk_localattn4,srctgt2,,,False,,0.0
tgt_in,10370,-3.393885767030128,-1.2227148005439812,0.10202317206469523,0.12417657406217726,-27.331127409995652,0.0,0.03357794699172258,"cluster_2way(u,v)",0.20551387706759527,0.8327868852459016,wiki-elec,walk_localattn4,srctgt2,,,False,,0.0
const,10370,4.927899581774201,,0.11908918455257887,0.14754824108377163,33.39856541547214,0.0,138.0891625249324,"cluster_2way(u,v)",0.252076380344994,0.8430086788813886,wiki-elec,GINEConv,srctgt2,,,False,,
src_out,10370,-0.6332038491399545,-0.20067356749913734,0.09951204290172637,0.14868611306918766,-4.258661660254093,2.0565446629428052e-05,0.5308881877404927,"cluster_2way(u,v)",0.252076380344994,0.8430086788813886,wiki-elec,GINEConv,srctgt2,,,False,,2.0565446629428052e-05
tgt_in,10370,-4.502259767738331,-1.6220285630663767,0.12693180051243036,0.15609386526161495,-28.84328452109567,0.0,0.011083921129230845,"cluster_2way(u,v)",0.252076380344994,0.8430086788813886,wiki-elec,GINEConv,srctgt2,,,False,,0.0
const,10370,4.976093291752474,,0.11660646074050506,0.1363296160064107,36.50045703582471,0.0,144.90716438461467,"cluster_2way(u,v)",0.20090176547976313,0.8588235294117647,wiki-elec,SiGAT,srctgt2,,,False,,
src_out,10370,-1.7319220202941608,-0.5488769073574036,0.11221555861803667,0.14012962240836696,-12.359428295945724,0.0,0.1769439929850503,"cluster_2way(u,v)",0.20090176547976313,0.8588235294117647,wiki-elec,SiGAT,srctgt2,,,False,,0.0
tgt_in,10370,-3.3737340448507753,-1.2154547421164092,0.11063054093194837,0.12430199842049666,-27.141430449395468,0.0,0.03426146434601814,"cluster_2way(u,v)",0.20090176547976313,0.8588235294117647,wiki-elec,SiGAT,srctgt2,,,False,,0.0
const,17722,4.370061660526867,,0.0772186742935845,0.09458016725959577,46.20484174586291,0.0,79.04850572180635,"cluster_2way(u,v)",0.18604439911140835,0.8170071098070195,wiki-rfa,walk_full,srctgt2,,,False,,
src_out,17722,-1.3770388046879865,-0.43426436313736133,0.07461762434246932,0.10434856849732467,-13.196527988050851,0.0,0.252324630386846,"cluster_2way(u,v)",0.18604439911140835,0.8170071098070195,wiki-rfa,walk_full,srctgt2,,,False,,0.0
tgt_in,17722,-3.2604584386275963,-1.1778115374278144,0.07563515222998922,0.09503636948417837,-34.307480981482534,0.0,0.03837080332640046,"cluster_2way(u,v)",0.18604439911140835,0.8170071098070195,wiki-rfa,walk_full,srctgt2,,,False,,0.0
const,17722,4.710978800668385,,0.08249297256165719,0.09697845942969273,48.57757927247485,0.0,111.16091104820352,"cluster_2way(u,v)",0.1988878061299486,0.8243426249858933,wiki-rfa,walk_localattn4,srctgt2,,,False,,
src_out,17722,-1.7167765060597249,-0.5414043914486029,0.07894791643745394,0.10603651579612611,-16.190427355803827,0.0,0.17964429788503705,"cluster_2way(u,v)",0.1988878061299486,0.8243426249858933,wiki-rfa,walk_localattn4,srctgt2,,,False,,0.0
tgt_in,17722,-3.3237320155756898,-1.2006685528894685,0.07838624236721242,0.09323999347137044,-35.647064010104735,0.0,0.03601816027716767,"cluster_2way(u,v)",0.1988878061299486,0.8243426249858933,wiki-rfa,walk_localattn4,srctgt2,,,False,,0.0
const,17722,5.479238748997026,,0.10109540155949004,0.12324291039016008,44.458855537011864,0.0,239.66419330602923,"cluster_2way(u,v)",0.24412466610450712,0.8478727005981266,wiki-rfa,GINEConv,srctgt2,,,False,,
src_out,17722,-1.3721533824101602,-0.4327236913807513,0.08227141037075486,0.12347174722356305,-11.113096018036277,0.0,0.2535603588272121,"cluster_2way(u,v)",0.24412466610450712,0.8478727005981266,wiki-rfa,GINEConv,srctgt2,,,False,,0.0
tgt_in,17722,-4.3726520006981975,-1.5795815442895214,0.10166637280766687,0.10924515658385256,-40.026049093919426,0.0,0.012617733918652618,"cluster_2way(u,v)",0.24412466610450712,0.8478727005981266,wiki-rfa,GINEConv,srctgt2,,,False,,0.0
const,17722,5.168519843078604,,0.09340394003194748,0.11122037276311399,46.470981122198985,0.0,175.65464852753271,"cluster_2way(u,v)",0.20787016761304256,0.8505247714704887,wiki-rfa,SiGAT,srctgt2,,,False,,
src_out,17722,-1.7787671687120745,-0.5609538301031549,0.08551575313658909,0.10214346966063917,-17.414399321090613,0.0,0.16884617785984854,"cluster_2way(u,v)",0.20787016761304256,0.8505247714704887,wiki-rfa,SiGAT,srctgt2,,,False,,0.0
tgt_in,17722,-3.565319925145856,-1.2879400309809292,0.08872851367761479,0.10597548171313959,-33.64287538505053,0.0,0.028287934014952047,"cluster_2way(u,v)",0.20787016761304256,0.8505247714704887,wiki-rfa,SiGAT,srctgt2,,,False,,0.0
src_out,28092,-1.4479290226249808,-0.4574888020276746,0.06010458637958831,0.0828298532269141,-17.480762867686717,0.0,0.23505658123052642,"cluster_2way(u,v)",0.19208257813953,0.821123451516446,POOLED,walk_full,srctgt2,,,True,shared_slope,0.0
tgt_in,28092,-3.2893259315612253,-1.1877596865468982,0.06027500776877756,0.0753656683373955,-43.64488505343889,0.0,0.037278969505702,"cluster_2way(u,v)",0.19208257813953,0.821123451516446,POOLED,walk_full,srctgt2,,,True,shared_slope,0.0
ds_wiki-elec,28092,4.436293263469875,2.1408356700439666,0.06543824214216631,0.07863829036209113,56.413907818225695,0.0,84.46128498118081,"cluster_2way(u,v)",0.19208257813953,0.821123451516446,POOLED,walk_full,srctgt2,,,True,shared_slope,
ds_wiki-rfa,28092,4.439214881666309,2.142245564313283,0.06344544191137995,0.07743690071951412,57.326866654254225,0.0,84.70840943414044,"cluster_2way(u,v)",0.19208257813953,0.821123451516446,POOLED,walk_full,srctgt2,,,True,shared_slope,
src_out,28092,-1.6692080121200557,-0.5274042869970065,0.06261708350403006,0.08261485286362406,-20.204696301710904,0.0,0.18839621408725346,"cluster_2way(u,v)",0.20134004121522087,0.8274597750249181,POOLED,walk_localattn4,srctgt2,,,True,shared_slope,0.0
tgt_in,28092,-3.349833251634015,-1.2096085872088458,0.062161451980722635,0.07456528801911728,-44.92483487457561,0.0,0.03509020484735064,"cluster_2way(u,v)",0.20134004121522087,0.8274597750249181,POOLED,walk_localattn4,srctgt2,,,True,shared_slope,0.0
ds_wiki-elec,28092,4.670868181579219,2.254035208974659,0.0684977948328862,0.08030437677261577,58.164553033079635,0.0,106.79041566975272,"cluster_2way(u,v)",0.20134004121522087,0.8274597750249181,POOLED,walk_localattn4,srctgt2,,,True,shared_slope,
ds_wiki-rfa,28092,4.696684916229695,2.26649366993325,0.06668535828096737,0.07797636481981823,60.23216043838966,0.0,109.5832918457301,"cluster_2way(u,v)",0.20134004121522087,0.8274597750249181,POOLED,walk_localattn4,srctgt2,,,True,shared_slope,
src_out,28092,-1.0834570979499432,-0.34232996372355845,0.06313065403302569,0.09578963740607377,-11.310796525483497,0.0,0.33842353765531386,"cluster_2way(u,v)",0.24575945726206494,0.8460771749964403,POOLED,GINEConv,srctgt2,,,True,shared_slope,0.0
tgt_in,28092,-4.418728673642886,-1.59558155486611,0.07927287467604525,0.09004295292898153,-49.0735646700527,0.0,0.01204954145082618,"cluster_2way(u,v)",0.24575945726206494,0.8460771749964403,POOLED,GINEConv,srctgt2,,,True,shared_slope,0.0
ds_wiki-elec,28092,5.1585667044973675,2.489385383564851,0.07980305967214454,0.0980851338558904,52.592747766205704,0.0,173.91500528488916,"cluster_2way(u,v)",0.24575945726206494,0.8460771749964403,POOLED,GINEConv,srctgt2,,,True,shared_slope,
ds_wiki-rfa,28092,5.3186195493596085,2.5666225766500292,0.079002545000969,0.09703459635708232,54.8115800862134,0.0,204.1019347840619,"cluster_2way(u,v)",0.24575945726206494,0.8460771749964403,POOLED,GINEConv,srctgt2,,,True,shared_slope,
src_out,28092,-1.7613564694368071,-0.5565195866338017,0.0680138073918469,0.08263601210503681,-21.31463540614697,0.0,0.17181164843404848,"cluster_2way(u,v)",0.20539582283189617,0.8535882101665955,POOLED,SiGAT,srctgt2,,,True,shared_slope,0.0
tgt_in,28092,-3.491821277959747,-1.2608797768540796,0.06919576482885621,0.08086594891034768,-43.180366087473566,0.0,0.030445372160793238,"cluster_2way(u,v)",0.20539582283189617,0.8535882101665955,POOLED,SiGAT,srctgt2,,,True,shared_slope,0.0
ds_wiki-elec,28092,5.082866435126946,2.452854471996264,0.07645357603320689,0.09020541874436855,56.34768405134493,0.0,161.23556545758782,"cluster_2way(u,v)",0.20539582283189617,0.8535882101665955,POOLED,SiGAT,srctgt2,,,True,shared_slope,
ds_wiki-rfa,28092,5.101118015986452,2.461662193447068,0.07454924074368928,0.08776272473524348,58.123970414263596,0.0,164.20538896299556,"cluster_2way(u,v)",0.20539582283189617,0.8535882101665955,POOLED,SiGAT,srctgt2,,,True,shared_slope,
const,10370,2.1140044710117327,,0.039408077631037174,0.045624421034182086,46.33493254474195,0.0,8.281337349638418,"cluster_2way(u,v)",0.20261927067868424,0.8281581485053038,wiki-elec,walk_full,srctgt2_zscored,,,False,,
src_out,10370,-0.49948525366121144,-0.49948525366121155,0.032153416991693884,0.04290042900013488,-11.64289647685437,0.0,0.6068429495172049,"cluster_2way(u,v)",0.20261927067868424,0.8281581485053038,wiki-elec,walk_full,srctgt2_zscored,,,False,,0.0
tgt_in,10370,-1.2030253794454655,-1.203025379445442,0.03594220333603869,0.044570873731720195,-26.991290022418756,0.0,0.3002843621487579,"cluster_2way(u,v)",0.20261927067868424,0.8281581485053038,wiki-elec,walk_full,srctgt2_zscored,,,False,,0.0
const,10370,2.1694889234658246,,0.04047924979672596,0.04459029205008267,48.653839742271934,0.0,8.753809030921628,"cluster_2way(u,v)",0.20551387706759527,0.8327868852459016,wiki-elec,walk_localattn4,srctgt2_zscored,,,False,,
src_out,10370,-0.5030195453049096,-0.5030195453049097,0.032595844145068206,0.04168608330793419,-12.06684594446341,0.0,0.6047019751941329,"cluster_2way(u,v)",0.20551387706759527,0.8327868852459016,wiki-elec,walk_localattn4,srctgt2_zscored,,,False,,0.0
tgt_in,10370,-1.2227148005439814,-1.2227148005439574,0.03675587543157303,0.04473707879671325,-27.331127409995574,0.0,0.2944297628665254,"cluster_2way(u,v)",0.20551387706759527,0.8327868852459016,wiki-elec,walk_localattn4,srctgt2_zscored,,,False,,0.0
const,10370,2.510003981296835,,0.05066004378320467,0.06481869992821304,38.72345455982107,0.0,12.30497905018704,"cluster_2way(u,v)",0.252076380344994,0.8430086788813886,wiki-elec,GINEConv,srctgt2_zscored,,,False,,
src_out,10370,-0.20067356749913595,-0.20067356749913504,0.031537137187873286,0.04712127506441898,-4.258661660254255,2.0565446629428052e-05,0.8181794683367505,"cluster_2way(u,v)",0.252076380344994,0.8430086788813886,wiki-elec,GINEConv,srctgt2_zscored,,,False,,2.0565446629428052e-05
tgt_in,10370,-1.6220285630663733,-1.6220285630663662,0.04572970388512759,0.056235917302688225,-28.84328452109798,0.0,0.19749765599989078,"cluster_2way(u,v)",0.252076380344994,0.8430086788813886,wiki-elec,GINEConv,srctgt2_zscored,,,False,,0.0
const,10370,2.4239227972350217,,0.045004496683668814,0.05185242873534885,46.74656243406752,0.0,11.290061181505035,"cluster_2way(u,v)",0.20090176547976302,0.8588235294117647,wiki-elec,SiGAT,srctgt2_zscored,,,False,,
src_out,10370,-0.5488769073574035,-0.5488769073574038,0.035563107374308706,0.04440957091336059,-12.359428295945868,0.0,0.5775981424680241,"cluster_2way(u,v)",0.20090176547976302,0.8588235294117647,wiki-elec,SiGAT,srctgt2_zscored,,,False,,0.0
tgt_in,10370,-1.21545474211641,-1.2154547421163855,0.03985685113616777,0.044782265414587005,-27.141430449396108,0.0,0.2965751184279256,"cluster_2way(u,v)",0.20090176547976302,0.8588235294117647,wiki-elec,SiGAT,srctgt2_zscored,,,False,,0.0
const,17722,1.9834833562381768,,0.028600380303265473,0.035936506008514474,55.19410695542377,0.0,7.268016031076184,"cluster_2way(u,v)",0.18604439911140846,0.8170071098070195,wiki-rfa,walk_full,srctgt2_zscored,,,False,,
src_out,17722,-0.43426436313736144,-0.43426436313735844,0.023531490182839985,0.03290747108107306,-13.19652798805106,0.0,0.6477409940073638,"cluster_2way(u,v)",0.18604439911140846,0.8170071098070195,wiki-rfa,walk_full,srctgt2_zscored,,,False,,0.0
tgt_in,17722,-1.1778115374278146,-1.1778115374277962,0.027322524304002244,0.03433104103631429,-34.30748098148153,0.0,0.3079519429924097,"cluster_2way(u,v)",0.18604439911140846,0.8170071098070195,wiki-rfa,walk_full,srctgt2_zscored,,,False,,0.0
const,17722,2.0912558747136614,,0.030157847515507853,0.03437734741369186,60.832380391302465,0.0,8.095075183342125,"cluster_2way(u,v)",0.1988878061299486,0.8243426249858933,wiki-rfa,walk_localattn4,srctgt2_zscored,,,False,,
src_out,17722,-0.5414043914486024,-0.5414043914485986,0.02489709551830644,0.03343978386428996,-16.190427355804868,0.0,0.5819304201243951,"cluster_2way(u,v)",0.1988878061299486,0.8243426249858933,wiki-rfa,walk_localattn4,srctgt2_zscored,,,False,,0.0
tgt_in,17722,-1.200668552889468,-1.2006685528894492,0.028316331084586126,0.033682116219978846,-35.64706401010756,0.0,0.3009929149478684,"cluster_2way(u,v)",0.1988878061299486,0.8243426249858933,wiki-rfa,walk_localattn4,srctgt2_zscored,,,False,,0.0
const,17722,2.5618459987833067,,0.03973351824186624,0.04899282694467641,52.29022611159363,0.0,12.959718872904082,"cluster_2way(u,v)",0.24412466610450712,0.8478727005981266,wiki-rfa,GINEConv,srctgt2_zscored,,,False,,
src_out,17722,-0.43272369138074834,-0.43272369138075095,0.02594519595776005,0.03893817624525872,-11.113096018035478,0.0,0.6487397194188949,"cluster_2way(u,v)",0.24412466610450712,0.8478727005981266,wiki-rfa,GINEConv,srctgt2_zscored,,,False,,0.0
tgt_in,17722,-1.5795815442895147,-1.579581544289485,0.036726070617144516,0.039463838676231676,-40.02604909392321,0.0,0.20606130769711425,"cluster_2way(u,v)",0.24412466610450712,0.8478727005981266,wiki-rfa,GINEConv,srctgt2_zscored,,,False,,0.0
const,17722,2.3958607718656513,,0.03486163362018744,0.041175742357254935,58.18621923263307,0.0,10.97764323987633,"cluster_2way(u,v)",0.20787016761304256,0.8505247714704887,wiki-rfa,SiGAT,srctgt2_zscored,,,False,,
src_out,17722,-0.5609538301031548,-0.5609538301031508,0.026968335204239444,0.03221206886095266,-17.414399321092375,0.0,0.570664487206606,"cluster_2way(u,v)",0.20787016761304256,0.8505247714704887,wiki-rfa,SiGAT,srctgt2_zscored,,,False,,0.0
tgt_in,17722,-1.2879400309809286,-1.2879400309809086,0.03205238437337616,0.03828269778489445,-33.64287538505509,0.0,0.2758384168280021,"cluster_2way(u,v)",0.20787016761304256,0.8505247714704887,wiki-rfa,SiGAT,srctgt2_zscored,,,False,,0.0
src_out,28092,-0.45748880202767456,-0.4574888020277023,0.018990692768431714,0.0261709861000026,-17.480762867686867,0.0,0.6328709158584035,"cluster_2way(u,v)",0.19208257813953,0.821123451516446,POOLED,walk_full,srctgt2_zscored,,,True,shared_slope,0.0
tgt_in,28092,-1.1877596865468982,-1.187759686546875,0.021765013812442394,0.027214178364603294,-43.64488505343903,0.0,0.30490357907167626,"cluster_2way(u,v)",0.19208257813953,0.821123451516446,POOLED,walk_full,srctgt2_zscored,,,True,shared_slope,0.0
ds_wiki-elec,28092,2.0290317399620594,0.9791560806700595,0.03239289643982067,0.038063525634564506,53.306458246725,0.0,7.606717511289323,"cluster_2way(u,v)",0.19208257813953,0.821123451516446,POOLED,walk_full,srctgt2_zscored,,,True,shared_slope,
ds_wiki-rfa,28092,2.0319533581584928,0.9805659749393761,0.026692516932329574,0.03380830583874379,60.102194054039416,0.0,7.6289739321360415,"cluster_2way(u,v)",0.19208257813953,0.821123451516446,POOLED,walk_full,srctgt2_zscored,,,True,shared_slope,
src_out,28092,-0.5274042869970066,-0.5274042869970386,0.019784543351987708,0.026103054414746776,-20.204696301711436,0.0,0.5901348038980972,"cluster_2way(u,v)",0.20134004121522087,0.8274597750249181,POOLED,walk_localattn4,srctgt2_zscored,,,True,shared_slope,0.0
tgt_in,28092,-1.2096085872088456,-1.2096085872088218,0.02244619969444026,0.02692516490235188,-44.924834874574444,0.0,0.29831402050482825,"cluster_2way(u,v)",0.20134004121522087,0.8274597750249181,POOLED,walk_localattn4,srctgt2_zscored,,,True,shared_slope,0.0
ds_wiki-elec,28092,2.1037293494260485,1.0152031355670668,0.03331261874839281,0.03710520910003461,56.69633457001826,0.0,8.196681272041793,"cluster_2way(u,v)",0.20134004121522087,0.8274597750249181,POOLED,walk_localattn4,srctgt2_zscored,,,True,shared_slope,
ds_wiki-rfa,28092,2.1295460840765252,1.027661596525658,0.027769627177094688,0.0327459975573993,65.032255631966,0.0,8.411048036167518,"cluster_2way(u,v)",0.20134004121522087,0.8274597750249181,POOLED,walk_localattn4,srctgt2_zscored,,,True,shared_slope,
src_out,28092,-0.34232996372355956,-0.34232996372358093,0.019946811503531177,0.030265769784850082,-11.310796525483294,0.0,0.7101138542362312,"cluster_2way(u,v)",0.24575945726206472,0.8460771749964403,POOLED,GINEConv,srctgt2_zscored,,,True,shared_slope,0.0
tgt_in,28092,-1.59558155486611,-1.5955815548660772,0.028625051678052998,0.03251407485057058,-49.07356467004349,0.0,0.20279056036621482,"cluster_2way(u,v)",0.24575945726206472,0.8460771749964403,POOLED,GINEConv,srctgt2_zscored,,,True,shared_slope,0.0
ds_wiki-elec,28092,2.4364650979078437,1.1757724479960312,0.038890197138004116,0.04715561445974068,51.668610955923114,0.0,11.432556263561159,"cluster_2way(u,v)",0.24575945726206472,0.8460771749964403,POOLED,GINEConv,srctgt2_zscored,,,True,shared_slope,
ds_wiki-rfa,28092,2.5965179427700855,1.25300964108121,0.034757427261430406,0.043695325895523565,59.423242407629914,0.0,13.416938056024204,"cluster_2way(u,v)",0.24575945726206472,0.8460771749964403,POOLED,GINEConv,srctgt2_zscored,,,True,shared_slope,
src_out,28092,-0.5565195866338016,-0.5565195866338356,0.02148969651055552,0.026109739905439446,-21.314635406148255,0.0,0.573200571133508,"cluster_2way(u,v)",0.20539582283189617,0.8535882101665955,POOLED,SiGAT,srctgt2_zscored,,,True,shared_slope,0.0
tgt_in,28092,-1.2608797768540796,-1.2608797768540565,0.02498625604562299,0.029200303079873344,-43.18036608747243,0.0,0.2834045839956494,"cluster_2way(u,v)",0.20539582283189617,0.8535882101665955,POOLED,SiGAT,srctgt2_zscored,,,True,shared_slope,0.0
ds_wiki-elec,28092,2.3942083963026763,1.155380501674613,0.036799573105701006,0.04295708051244282,55.73489556882659,0.0,10.959519028573409,"cluster_2way(u,v)",0.20539582283189617,0.8535882101665955,POOLED,SiGAT,srctgt2_zscored,,,True,shared_slope,
ds_wiki-rfa,28092,2.412459977162182,1.1641882231254173,0.031109002795408767,0.03572876874296646,67.52149771847644,0.0,11.161384151362228,"cluster_2way(u,v)",0.20539582283189617,0.8535882101665955,POOLED,SiGAT,srctgt2_zscored,,,True,shared_slope,
const,4117,5.600083891446079,,0.21856623342610518,0.24111120654687082,23.226145195194196,0.0,270.4490948401563,"cluster_2way(u,v)",0.24416746076050844,0.8477046393004615,wiki-elec,walk_full,node4,,,False,,
src_out,4117,-2.1714544382085665,-0.6405213383330615,0.19653090750087093,0.2403589647067837,-9.034214475243498,0.0,0.11401167332883431,"cluster_2way(u,v)",0.24416746076050844,0.8477046393004615,wiki-elec,walk_full,node4,,,False,,0.0
src_in,4117,-0.23707774827234032,-0.08020333730354513,0.14328155053278135,0.1452182456011529,-1.6325617162700259,0.10256120850332451,0.7889299476926578,"cluster_2way(u,v)",0.24416746076050844,0.8477046393004615,wiki-elec,walk_full,node4,,,False,,0.1562837462907802
tgt_out,4117,-0.36925098290786923,-0.13223433222104305,0.13884451541353313,0.160554222934045,-2.2998522004591306,0.021456594913057403,0.6912518962656772,"cluster_2way(u,v)",0.24416746076050844,0.8477046393004615,wiki-elec,walk_full,node4,,,False,,0.0361374230114651
tgt_in,4117,-3.635996005818257,-1.292133784757332,0.17370149289740033,0.21165465069199904,-17.178909104668705,0.0,0.026357668917717424,"cluster_2way(u,v)",0.24416746076050844,0.8477046393004615,wiki-elec,walk_full,node4,,,False,,0.0
const,4117,5.587546118493006,,0.21887494176781644,0.23170258356076892,24.115165366844316,0.0,267.079433658352,"cluster_2way(u,v)",0.2363552013016459,0.8506193830459072,wiki-elec,walk_localattn4,node4,,,False,,
src_out,4117,-2.2265373054022626,-0.6567693199592547,0.1986460949130594,0.23177536859270056,-9.606444890677587,0.0,0.10790141364123351,"cluster_2way(u,v)",0.2363552013016459,0.8506193830459072,wiki-elec,walk_localattn4,node4,,,False,,0.0
src_in,4117,-0.22197461646084185,-0.0750939519485517,0.14370912243358072,0.14821116531396478,-1.4976915942238187,0.13421339678095112,0.8009356946591988,"cluster_2way(u,v)",0.2363552013016459,0.8506193830459072,wiki-elec,walk_localattn4,node4,,,False,,0.18673168247784505
tgt_out,4117,-0.397335474540234,-0.1422918111951744,0.13940329997822945,0.1591477680464618,-2.4966449697505992,0.012537441024598417,0.6721085125135945,"cluster_2way(u,v)",0.2363552013016459,0.8506193830459072,wiki-elec,walk_localattn4,node4,,,False,,0.022288784043730518
tgt_in,4117,-3.5074494308370943,-1.2464518389625037,0.17175906540779468,0.193776626680157,-18.1004772914455,0.0,0.029973265913424498,"cluster_2way(u,v)",0.2363552013016459,0.8506193830459072,wiki-elec,walk_localattn4,node4,,,False,,0.0
const,4117,4.951304612639769,,0.2138434331484301,0.2289332851656611,21.627718350596755,0.0,141.3592627569829,"cluster_2way(u,v)",0.26360649707931794,0.8559630799125577,wiki-elec,GINEConv,node4,,,False,,
src_out,4117,-0.6720633055497651,-0.19824081055571668,0.1794811833987795,0.2202211418306657,-3.051765602353173,0.002274996777144933,0.5106538551198819,"cluster_2way(u,v)",0.26360649707931794,0.8559630799125577,wiki-elec,GINEConv,node4,,,False,,0.004549993554289866
src_in,4117,0.09530494437941471,0.032241636578971986,0.1471781363978386,0.15284937554975775,0.6235219740782628,0.5329415667727078,1.0999942410476742,"cluster_2way(u,v)",0.26360649707931794,0.8559630799125577,wiki-elec,GINEConv,node4,,,False,,0.6316344495083944
tgt_out,4117,0.13692095088754408,0.049033452436881154,0.14022438786098265,0.1438329117539706,0.9519445112934266,0.3411251238654631,1.1467374963561519,"cluster_2way(u,v)",0.26360649707931794,0.8559630799125577,wiki-elec,GINEConv,node4,,,False,,0.43940466602719425
tgt_in,4117,-4.611699829040716,-1.6388723047901368,0.20781819075769542,0.23971216177017954,-19.238489173787162,0.0,0.009934916287423148,"cluster_2way(u,v)",0.26360649707931794,0.8559630799125577,wiki-elec,GINEConv,node4,,,False,,0.0
const,4117,5.547513780936391,,0.23043795887922758,0.25925319518016704,21.39805365592955,0.0,256.5988013612952,"cluster_2way(u,v)",0.2281067904237566,0.8724799611367501,wiki-elec,SiGAT,node4,,,False,,
src_out,4117,-2.368688685933647,-0.6987001985914452,0.2150418956729363,0.2458210191674011,-9.63582648040605,0.0,0.09360338927664048,"cluster_2way(u,v)",0.2281067904237566,0.8724799611367501,wiki-elec,SiGAT,node4,,,False,,0.0
src_in,4117,0.11872756212256237,0.04016550174588631,0.15294309849065277,0.15481565329454697,0.7668963673632884,0.4431431336595857,1.1260630942557468,"cluster_2way(u,v)",0.2281067904237566,0.8724799611367501,wiki-elec,SiGAT,node4,,,False,,0.5454069337348747
tgt_out,4117,-0.0018796967933659343,-0.0006731477010334667,0.1447467575784097,0.15140599213751066,-0.012414943205542006,0.990094562949221,0.9981220687302619,"cluster_2way(u,v)",0.2281067904237566,0.8724799611367501,wiki-elec,SiGAT,node4,,,False,,0.990094562949221
tgt_in,4117,-3.4912735339036645,-1.2407033664963636,0.1848736835849851,0.19218530740795536,-18.166183362251893,0.0,0.030462053000427862,"cluster_2way(u,v)",0.2281067904237566,0.8724799611367501,wiki-elec,SiGAT,node4,,,False,,0.0
const,9820,5.5673177085661605,,0.14340931818219763,0.15732661233439474,35.38700558004091,0.0,261.73111772606387,"cluster_2way(u,v)",0.24534856121161774,0.8397148676171079,wiki-rfa,walk_full,node4,,,False,,
src_out,9820,-1.8658048818392434,-0.5302134951880298,0.12582393677772652,0.14972994052215802,-12.461134194888226,0.0,0.15477158689872014,"cluster_2way(u,v)",0.24534856121161774,0.8397148676171079,wiki-rfa,walk_full,node4,,,False,,0.0
src_in,9820,-0.15460617802493135,-0.05418365571199344,0.08987861445842915,0.1004217453167669,-1.5395687212689537,0.12366551471797615,0.8567525190221844,"cluster_2way(u,v)",0.24534856121161774,0.8397148676171079,wiki-rfa,walk_full,node4,,,False,,0.17987711231705622
tgt_out,9820,-0.25915002132227016,-0.0911902656307822,0.08879777246297452,0.103752334197873,-2.497775335136344,0.01249753705278911,0.7717072418182713,"cluster_2way(u,v)",0.24534856121161774,0.8397148676171079,wiki-rfa,walk_full,node4,,,False,,0.022288784043730518
tgt_in,9820,-3.952866058069733,-1.422258032456348,0.12019909959809791,0.14635753546121086,-27.008285194289577,0.0,0.01919959568832747,"cluster_2way(u,v)",0.24534856121161774,0.8397148676171079,wiki-rfa,walk_full,node4,,,False,,0.0
const,9820,5.739600879819228,,0.14745783401050305,0.1614029964525466,35.56068354348491,0.0,310.9402836699556,"cluster_2way(u,v)",0.254160505446942,0.8415478615071283,wiki-rfa,walk_localattn4,node4,,,False,,
src_out,9820,-2.1917461244102796,-0.6228375670465837,0.13042369035386103,0.1571819833035524,-13.944003494201647,0.0,0.11172149856569863,"cluster_2way(u,v)",0.254160505446942,0.8415478615071283,wiki-rfa,walk_localattn4,node4,,,False,,0.0
src_in,9820,0.010036240320749156,0.0035173250974136834,0.09114986291631827,0.10016288477103572,0.10019919397979794,0.9201861859065694,1.0100867722894842,"cluster_2way(u,v)",0.254160505446942,0.8415478615071283,wiki-rfa,walk_localattn4,node4,,,False,,0.9498696112583942
tgt_out,9820,-0.20627913409672044,-0.07258594437457289,0.08943792481814386,0.10756294509684382,-1.91775275315303,0.05514236919715776,0.8136059394245869,"cluster_2way(u,v)",0.254160505446942,0.8415478615071283,wiki-rfa,walk_localattn4,node4,,,False,,0.08822779071545242
tgt_in,9820,-3.991217617940722,-1.4360570869354115,0.12206784661088818,0.14336139710668047,-27.840253363119157,0.0,0.01847720224422186,"cluster_2way(u,v)",0.254160505446942,0.8415478615071283,wiki-rfa,walk_localattn4,node4,,,False,,0.0
const,9820,6.346961933608359,,0.1743001508972872,0.1985182622513578,31.971677878038385,0.0,570.7560774916248,"cluster_2way(u,v)",0.27811053276622955,0.869959266802444,wiki-rfa,GINEConv,node4,,,False,,
src_out,9820,-1.994445267066863,-0.566769765855858,0.1406095714047193,0.2071873933721319,-9.626286786110652,0.0,0.13608912635168963,"cluster_2way(u,v)",0.27811053276622955,0.869959266802444,wiki-rfa,GINEConv,node4,,,False,,0.0
src_in,9820,0.07037422051308818,0.024663519815270086,0.09898196661622609,0.12223294439087873,0.575738569203113,0.5647919014127116,1.0729096109230203,"cluster_2way(u,v)",0.27811053276622955,0.869959266802444,wiki-rfa,GINEConv,node4,,,False,,0.6454764587573847
tgt_out,9820,0.02074352827280754,0.007299277243603337,0.09618401882334562,0.09092205832456014,0.22814626785900904,0.8195325318622007,1.0209601706380698,"cluster_2way(u,v)",0.27811053276622955,0.869959266802444,wiki-rfa,GINEConv,node4,,,False,,0.8741680339863473
tgt_in,9820,-4.774609738934314,-1.7179249064562834,0.15589944963542193,0.16693825210272545,-28.601052657459583,0.0,0.008441377785799163,"cluster_2way(u,v)",0.27811053276622955,0.869959266802444,wiki-rfa,GINEConv,node4,,,False,,0.0
const,9820,5.952817538937916,,0.1605347971448912,0.1725853960010152,34.49201193653083,0.0,384.83610368592116,"cluster_2way(u,v)",0.24514172756052532,0.8679226069246436,wiki-rfa,SiGAT,node4,,,False,,
src_out,9820,-2.154116762131916,-0.6121442754331339,0.1399106702657947,0.1536906523012767,-14.015925691493871,0.0,0.11600560592174143,"cluster_2way(u,v)",0.24514172756052532,0.8679226069246436,wiki-rfa,SiGAT,node4,,,False,,0.0
src_in,9820,0.04799609696295713,0.01682082842084718,0.09681631311503991,0.11120386089627544,0.4316045915683191,0.6660288207232226,1.0491665603805298,"cluster_2way(u,v)",0.24514172756052532,0.8679226069246436,wiki-rfa,SiGAT,node4,,,False,,0.7349283539014869
tgt_out,9820,-0.08768186589333832,-0.030853683133110415,0.09444989701517216,0.0925212149756947,-0.9476947088986275,0.3432848953337455,0.9160522578384356,"cluster_2way(u,v)",0.24514172756052532,0.8679226069246436,wiki-rfa,SiGAT,node4,,,False,,0.43940466602719425
tgt_in,9820,-4.062272264173618,-1.4616228510831184,0.13560206182340184,0.16127126962494165,-25.189063579774544,0.0,0.017209869283405493,"cluster_2way(u,v)",0.24514172756052532,0.8679226069246436,wiki-rfa,SiGAT,node4,,,False,,0.0
src_out,13937,-1.9535084572132853,-0.5614935544373097,0.10578851595444172,0.1271720263486616,-15.361149093098843,0.0,0.1417757837157596,"cluster_2way(u,v)",0.244714150083706,0.8420750520198034,POOLED,walk_full,node4,,,True,shared_slope,0.0
src_in,13937,-0.17504733647962573,-0.060767973516135915,0.0760914259669737,0.08285557578373634,-2.1126802248833765,0.03462814698193584,0.8394172847695356,"cluster_2way(u,v)",0.244714150083706,0.8420750520198034,POOLED,walk_full,node4,,,True,shared_slope,0.050368213791906674
tgt_out,13937,-0.29087026045402753,-0.1029161073304996,0.07480047279154106,0.08716169442343408,-3.337134074527868,0.0008464710390849728,0.7476126666542592,"cluster_2way(u,v)",0.244714150083706,0.8420750520198034,POOLED,walk_full,node4,,,True,shared_slope,0.0015048374028177294
tgt_in,13937,-3.853838025849655,-1.3824052472019166,0.09876182606947174,0.12036142622601397,-32.01887969167913,0.0,0.021198220789500042,"cluster_2way(u,v)",0.244714150083706,0.8420750520198034,POOLED,walk_full,node4,,,True,shared_slope,0.0
ds_wiki-elec,13937,5.529935408404387,2.5228819869895784,0.12501331870893911,0.1384846182920293,39.93176626116802,0.0,252.1276251719458,"cluster_2way(u,v)",0.244714150083706,0.8420750520198034,POOLED,walk_full,node4,,,True,shared_slope,
ds_wiki-rfa,13937,5.583368154366639,2.547259217887914,0.12144727510461173,0.13314896901708545,41.93324361114798,0.0,265.9659131098333,"cluster_2way(u,v)",0.244714150083706,0.8420750520198034,POOLED,walk_full,node4,,,True,shared_slope,
src_out,13937,-2.1942623736802944,-0.6306930359151649,0.10883570967798628,0.1297816027243709,-16.907345321820774,0.0,0.1114407328129372,"cluster_2way(u,v)",0.24847121993634302,0.8442275956088111,POOLED,walk_localattn4,node4,,,True,shared_slope,0.0
src_in,13937,-0.05627250212899286,-0.019535092551718737,0.07689331277706012,0.08302685670438593,-0.6777626464813552,0.4979221984366262,0.9452815095662752,"cluster_2way(u,v)",0.24847121993634302,0.8442275956088111,POOLED,walk_localattn4,node4,,,True,shared_slope,0.5209839908810705
tgt_out,13937,-0.26213079249745114,-0.09274747006856836,0.07525650894547473,0.0891671229237251,-2.9397695462449964,0.0032845644201147106,0.7694103840205704,"cluster_2way(u,v)",0.24847121993634302,0.8442275956088111,POOLED,walk_localattn4,node4,,,True,shared_slope,0.005255303072183537
tgt_in,13937,-3.836056226895222,-1.3760267611279258,0.09935232514288309,0.11544430698714689,-33.228630557956514,0.0,0.02157853460066102,"cluster_2way(u,v)",0.24847121993634302,0.8442275956088111,POOLED,walk_localattn4,node4,,,True,shared_slope,0.0
ds_wiki-elec,13937,5.652082033699228,2.5786080485019025,0.12747995781378438,0.13916194550378788,40.615140965713096,0.0,284.88398684649604,"cluster_2way(u,v)",0.24847121993634302,0.8442275956088111,POOLED,walk_localattn4,node4,,,True,shared_slope,
ds_wiki-rfa,13937,5.688264860887864,2.5951154751191883,0.12367326492439151,0.13384246433425606,42.499702087687815,0.0,295.38064921337303,"cluster_2way(u,v)",0.24847121993634302,0.8442275956088111,POOLED,walk_localattn4,node4,,,True,shared_slope,
src_out,13937,-1.525754425781226,-0.43854495360232504,0.11009134351990332,0.15782995496569727,-9.667077622323552,0.0,0.217456939844236,"cluster_2way(u,v)",0.2708088398440731,0.8658247829518547,POOLED,GINEConv,node4,,,True,shared_slope,0.0
src_in,13937,0.06244189118856601,0.021676806207707445,0.08184862328080897,0.09728737275497158,0.6418293496919938,0.5209839908810705,1.064432604207243,"cluster_2way(u,v)",0.2708088398440731,0.8658247829518547,POOLED,GINEConv,node4,,,True,shared_slope,0.5209839908810705
tgt_out,13937,0.05598225388142607,0.019807716471497892,0.07918100635540622,0.07708260999406896,0.7262630817214617,0.4676775070243071,1.057578915649243,"cluster_2way(u,v)",0.2708088398440731,0.8658247829518547,POOLED,GINEConv,node4,,,True,shared_slope,0.5209839908810705
tgt_in,13937,-4.699662351621983,-1.6858097956846954,0.12425389574468039,0.13649661697322624,-34.43061414880209,0.0,0.0090983486257752,"cluster_2way(u,v)",0.2708088398440731,0.8658247829518547,POOLED,GINEConv,node4,,,True,shared_slope,0.0
ds_wiki-elec,13937,5.654799923199861,2.5798480113508995,0.13907953032387668,0.15761925502607674,35.87632692632841,0.0,285.65932320523984,"cluster_2way(u,v)",0.2708088398440731,0.8658247829518547,POOLED,GINEConv,node4,,,True,shared_slope,
ds_wiki-rfa,13937,5.938367768554288,2.7092180955017655,0.1379235381617789,0.15538370218792116,38.217442916712216,0.0,379.3152936310001,"cluster_2way(u,v)",0.2708088398440731,0.8658247829518547,POOLED,GINEConv,node4,,,True,shared_slope,
src_out,13937,-2.2172808500003844,-0.6373091967200869,0.11710666865509155,0.13061322761301955,-16.975928782418094,0.0,0.10890483516310255,"cluster_2way(u,v)",0.23954449540294032,0.869268852694267,POOLED,SiGAT,node4,,,True,shared_slope,0.0
src_in,13937,0.06894256345568336,0.023933525379274276,0.08169780304530684,0.0909418508731333,0.7580950111941351,0.44839410605649155,1.071374671322314,"cluster_2way(u,v)",0.23954449540294032,0.869268852694267,POOLED,SiGAT,node4,,,True,shared_slope,0.5209839908810705
tgt_out,13937,-0.06225673281926302,-0.022027761060454603,0.07908016277538625,0.07937660215470235,-0.7843209601984061,0.4328518036214182,0.9396416189797939,"cluster_2way(u,v)",0.23954449540294032,0.869268852694267,POOLED,SiGAT,node4,,,True,shared_slope,0.5209839908810705
tgt_in,13937,-3.875829907261066,-1.3902939265016334,0.10916926743227962,0.12461101398599897,-31.103429651062353,0.0,0.020737120843257215,"cluster_2way(u,v)",0.23954449540294032,0.869268852694267,POOLED,SiGAT,node4,,,True,shared_slope,0.0
ds_wiki-elec,13937,5.770533447579877,2.6326482707364622,0.13696394480656826,0.14733113678093157,39.16710054413109,0.0,320.7087683403286,"cluster_2way(u,v)",0.23954449540294032,0.869268852694267,POOLED,SiGAT,node4,,,True,shared_slope,
ds_wiki-rfa,13937,5.832081773907681,2.6607280135099094,0.13314883136018024,0.14567487380141378,40.0349190064037,0.0,341.0679669214039,"cluster_2way(u,v)",0.23954449540294032,0.869268852694267,POOLED,SiGAT,node4,,,True,shared_slope,
const,4117,2.4388652114457527,,0.07288395826201861,0.07690913111437077,31.710996810234946,0.0,11.460028651859782,"cluster_2way(u,v)",0.24416746076050855,0.8477046393004615,wiki-elec,walk_full,node4_zscored,,,False,,
src_out,4117,-0.6405213383330614,-0.6405213383330589,0.0579713935882158,0.07089950543993188,-9.03421447524383,0.0,0.5270175979345794,"cluster_2way(u,v)",0.24416746076050855,0.8477046393004615,wiki-elec,walk_full,node4_zscored,,,False,,0.0
src_in,4117,-0.08020333730354509,-0.08020333730354542,0.048472109299581595,0.049127292710739325,-1.6325617162700374,0.10256120850332207,0.9229286614802212,"cluster_2way(u,v)",0.24416746076050855,0.8477046393004615,wiki-elec,walk_full,node4_zscored,,,False,,0.1562837462907765
tgt_out,4117,-0.132234332221043,-0.1322343322210437,0.049722309832940716,0.057496882710395936,-2.299852200459102,0.021456594913058957,0.8761356642063647,"cluster_2way(u,v)",0.24416746076050855,0.8477046393004615,wiki-elec,walk_full,node4_zscored,,,False,,0.03613742301146772
tgt_in,4117,-1.292133784757332,-1.29213378475732,0.061728771724820886,0.07521628858296706,-17.178909104668843,0.0,0.2746840407022597,"cluster_2way(u,v)",0.24416746076050855,0.8477046393004615,wiki-elec,walk_full,node4_zscored,,,False,,0.0
const,4117,2.439548750866425,,0.07236946877105006,0.06943225962200325,35.13566696730875,0.0,11.46786471102793,"cluster_2way(u,v)",0.2363552013016459,0.8506193830459072,wiki-elec,walk_localattn4,node4_zscored,,,False,,
src_out,4117,-0.6567693199592547,-0.6567693199592523,0.058595317649547875,0.06836757275281201,-9.60644489067723,0.0,0.5185238159536315,"cluster_2way(u,v)",0.2363552013016459,0.8506193830459072,wiki-elec,walk_localattn4,node4_zscored,,,False,,0.0
src_in,4117,-0.07509395194855173,-0.07509395194855205,0.0486167567565078,0.050139796629805784,-1.4976915942238158,0.1342133967809518,0.9276563271147092,"cluster_2way(u,v)",0.2363552013016459,0.8506193830459072,wiki-elec,walk_localattn4,node4_zscored,,,False,,0.18673168247784597
tgt_out,4117,-0.14229181119517442,-0.14229181119517517,0.0499224189922611,0.056993210055568365,-2.4966449697506063,0.012537441024598195,0.8673681118271193,"cluster_2way(u,v)",0.2363552013016459,0.8506193830459072,wiki-elec,walk_localattn4,node4_zscored,,,False,,0.022288784043730123
tgt_in,4117,-1.2464518389625032,-1.2464518389624917,0.061038485987503964,0.0688629265898758,-18.100477291445177,0.0,0.28752316762079916,"cluster_2way(u,v)",0.2363552013016459,0.8506193830459072,wiki-elec,walk_localattn4,node4_zscored,,,False,,0.0
const,4117,2.670473266998598,,0.0853960123806251,0.10122816449524896,26.38073386309335,0.0,14.446804771081831,"cluster_2way(u,v)",0.26360649707931794,0.8559630799125577,wiki-elec,GINEConv,node4_zscored,,,False,,
src_out,4117,-0.19824081055571696,-0.19824081055571724,0.05294217818865684,0.06495938298893512,-3.0517656023531563,0.002274996777145155,0.8201723232022048,"cluster_2way(u,v)",0.26360649707931794,0.8559630799125577,wiki-elec,GINEConv,node4_zscored,,,False,,0.00454999355429031
src_in,4117,0.03224163657897239,0.03224163657897255,0.0497903232304329,0.05170890188214148,0.6235219740782693,0.5329415667727035,1.0327670294486955,"cluster_2way(u,v)",0.26360649707931794,0.8559630799125577,wiki-elec,GINEConv,node4_zscored,,,False,,0.6316344495083894
tgt_out,4117,0.04903345243688066,0.04903345243688089,0.05021646291603244,0.05150872961099189,0.9519445112934214,0.3411251238654658,1.0502554837576614,"cluster_2way(u,v)",0.26360649707931794,0.8559630799125577,wiki-elec,GINEConv,node4_zscored,,,False,,0.43940466602718176
tgt_in,4117,-1.6388723047901346,-1.638872304790123,0.07385291538699786,0.08518716256695961,-19.238489173787574,0.0,0.194198916043639,"cluster_2way(u,v)",0.26360649707931794,0.8559630799125577,wiki-elec,GINEConv,node4_zscored,,,False,,0.0
const,4117,2.66502906945438,,0.0794601547634751,0.08400259727530723,31.725555588717157,0.0,14.36836722052137,"cluster_2way(u,v)",0.2281067904237566,0.8724799611367501,wiki-elec,SiGAT,node4_zscored,,,False,,
src_out,4117,-0.6987001985914447,-0.6987001985914421,0.06343164304554429,0.0725106663151544,-9.635826480405953,0.0,0.4972311857369428,"cluster_2way(u,v)",0.2281067904237566,0.8724799611367501,wiki-elec,SiGAT,node4_zscored,,,False,,0.0
src_in,4117,0.04016550174588623,0.04016550174588636,0.051740608327375225,0.052374093104629114,0.766896367363279,0.443143133659591,1.040983044447775,"cluster_2way(u,v)",0.2281067904237566,0.8724799611367501,wiki-elec,SiGAT,node4_zscored,,,False,,0.5454069337348812
tgt_out,4117,-0.0006731477010335331,-0.000673147701033537,0.051835991549189435,0.054220763630475274,-0.012414943205543205,0.9900945629492202,0.9993270788120517,"cluster_2way(u,v)",0.2281067904237566,0.8724799611367501,wiki-elec,SiGAT,node4_zscored,,,False,,0.9900945629492202
tgt_in,4117,-1.2407033664963634,-1.2407033664963527,0.06569906350019124,0.06829741513423516,-18.16618336225204,0.0,0.28918074634151686,"cluster_2way(u,v)",0.2281067904237566,0.8724799611367501,wiki-elec,SiGAT,node4_zscored,,,False,,0.0
const,9820,2.4151185832596784,,0.04836034292641103,0.0548024636195848,44.06952577943203,0.0,11.191097355675083,"cluster_2way(u,v)",0.24534856121161774,0.8397148676171079,wiki-rfa,walk_full,node4_zscored,,,False,,
src_out,9820,-0.53021349518803,-0.530213495188022,0.03575590885552674,0.04254937687819785,-12.461134194886636,0.0,0.5884793187630885,"cluster_2way(u,v)",0.24534856121161774,0.8397148676171079,wiki-rfa,walk_full,node4_zscored,,,False,,0.0
src_in,9820,-0.05418365571199346,-0.05418365571199559,0.031499076970269435,0.03519404815351993,-1.5395687212689764,0.1236655147179706,0.9472581211609031,"cluster_2way(u,v)",0.24534856121161774,0.8397148676171079,wiki-rfa,walk_full,node4_zscored,,,False,,0.17987711231704814
tgt_out,9820,-0.09119026563078227,-0.09119026563078356,0.031246350731535186,0.036508594006836786,-2.497775335136311,0.01249753705279022,0.9128440115336198,"cluster_2way(u,v)",0.24534856121161774,0.8397148676171079,wiki-rfa,walk_full,node4_zscored,,,False,,0.022288784043730123
tgt_in,9820,-1.4222580324563479,-1.422258032456337,0.043248147644269715,0.05266006420715586,-27.008285194287332,0.0,0.24116883455308624,"cluster_2way(u,v)",0.24534856121161774,0.8397148676171079,wiki-rfa,walk_full,node4_zscored,,,False,,0.0
const,9820,2.469523919130943,,0.0496215426248144,0.05290757055619389,46.676191954571536,0.0,11.816819750458745,"cluster_2way(u,v)",0.2541605054469419,0.8415478615071283,wiki-rfa,walk_localattn4,node4_zscored,,,False,,
src_out,9820,-0.6228375670465839,-0.6228375670465746,0.037063039866031634,0.044667054716790645,-13.944003494200729,0.0,0.5364201478456146,"cluster_2way(u,v)",0.2541605054469419,0.8415478615071283,wiki-rfa,walk_localattn4,node4_zscored,,,False,,0.0
src_in,9820,0.003517325097413594,0.0035173250974137324,0.03194460178465013,0.03510332725952657,0.10019919397979687,0.9201861859065703,1.0035235181441915,"cluster_2way(u,v)",0.2541605054469419,0.8415478615071283,wiki-rfa,walk_localattn4,node4_zscored,,,False,,0.9498696112583952
tgt_out,9820,-0.07258594437457284,-0.07258594437457387,0.03147160891601884,0.03784947994741854,-1.9177527531530443,0.05514236919715598,0.929985816176207,"cluster_2way(u,v)",0.2541605054469419,0.8415478615071283,wiki-rfa,walk_localattn4,node4_zscored,,,False,,0.08822779071544957
tgt_in,9820,-1.4360570869354121,-1.436057086935401,0.04392053077350437,0.05158204087459629,-27.84025336311689,0.0,0.23786378836635833,"cluster_2way(u,v)",0.2541605054469419,0.8415478615071283,wiki-rfa,walk_localattn4,node4_zscored,,,False,,0.0
const,9820,2.988649474809073,,0.06504100006647417,0.0787307973225671,37.96036083013753,0.0,19.85884450318997,"cluster_2way(u,v)",0.27811053276622966,0.869959266802444,wiki-rfa,GINEConv,node4_zscored,,,False,,
src_out,9820,-0.5667697658558608,-0.5667697658558563,0.039957603840062854,0.05887729905093119,-9.626286786110596,0.0,0.567355171923355,"cluster_2way(u,v)",0.27811053276622966,0.869959266802444,wiki-rfa,GINEConv,node4_zscored,,,False,,0.0
src_in,9820,0.024663519815272275,0.02466351981527331,0.03468945982200514,0.04283805382260097,0.5757385692031608,0.5647919014126794,1.0249701803392937,"cluster_2way(u,v)",0.27811053276622966,0.869959266802444,wiki-rfa,GINEConv,node4_zscored,,,False,,0.6454764587573479
tgt_out,9820,0.007299277243603629,0.007299277243603704,0.033845438951478325,0.03199384899916193,0.2281462678590135,0.8195325318621971,1.007325981903106,"cluster_2way(u,v)",0.27811053276622966,0.869959266802444,wiki-rfa,GINEConv,node4_zscored,,,False,,0.8741680339863436
tgt_in,9820,-1.7179249064562905,-1.7179249064562798,0.05609328554071457,0.06006509365340491,-28.601052657459835,0.0,0.17943811271633003,"cluster_2way(u,v)",0.27811053276622966,0.869959266802444,wiki-rfa,GINEConv,node4_zscored,,,False,,0.0
const,9820,2.7542859238171133,,0.056216094227581934,0.06638621115247852,41.48882540518782,0.0,15.709818889087924,"cluster_2way(u,v)",0.24514172756052532,0.8679226069246436,wiki-rfa,SiGAT,node4_zscored,,,False,,
src_out,9820,-0.6121442754331339,-0.6121442754331242,0.039758994210908116,0.04367490873647327,-14.015925691492681,0.0,0.5421870234031507,"cluster_2way(u,v)",0.24514172756052532,0.8679226069246436,wiki-rfa,SiGAT,node4_zscored,,,False,,0.0
src_in,9820,0.016820828420846985,0.01682082842084703,0.033930479649292654,0.038972774501135996,0.43160459156831865,0.6660288207232228,1.0169630951170674,"cluster_2way(u,v)",0.24514172756052532,0.8679226069246436,wiki-rfa,SiGAT,node4_zscored,,,False,,0.7349283539014873
tgt_out,9820,-0.03085368313311036,-0.030853683133110803,0.03323523244824558,0.03255656367330219,-0.9476947088986463,0.34328489533373574,0.9696174340824804,"cluster_2way(u,v)",0.24514172756052532,0.8679226069246436,wiki-rfa,SiGAT,node4_zscored,,,False,,0.43940466602718176
tgt_in,9820,-1.4616228510831184,-1.461622851083107,0.04879019901326065,0.05802608923726999,-25.189063579772014,0.0,0.2318596954884371,"cluster_2way(u,v)",0.24514172756052532,0.8679226069246436,wiki-rfa,SiGAT,node4_zscored,,,False,,0.0
src_out,13937,-0.56149355443731,-0.5614935544373058,0.030406610026475586,0.036552835405363464,-15.361149093099382,0.0,0.5703565687992259,"cluster_2way(u,v)",0.244714150083706,0.8420750520198034,POOLED,walk_full,node4_zscored,,,True,shared_slope,0.0
src_in,13937,-0.0607679735161359,-0.06076797351613652,0.02641526487039274,0.028763450710809952,-2.112680224883377,0.03462814698193584,0.9410415610114474,"cluster_2way(u,v)",0.244714150083706,0.8420750520198034,POOLED,walk_full,node4_zscored,,,True,shared_slope,0.050368213791906674
tgt_out,13937,-0.10291610733049965,-0.10291610733049845,0.026466004032759883,0.030839668120033865,-3.3371340745279925,0.0008464710390845287,0.9022026584962147,"cluster_2way(u,v)",0.244714150083706,0.8420750520198034,POOLED,walk_full,node4_zscored,,,True,shared_slope,0.00150483740281694
tgt_in,13937,-1.3824052472019168,-1.3824052472019641,0.03542672672435008,0.04317469132317078,-32.018879691677476,0.0,0.2509741715837473,"cluster_2way(u,v)",0.244714150083706,0.8420750520198034,POOLED,walk_full,node4_zscored,,,True,shared_slope,0.0
ds_wiki-elec,13937,2.381523151453251,1.086504889599371,0.057221078242471725,0.061100062898445925,38.97742552919409,0.0,10.821372907431842,"cluster_2way(u,v)",0.244714150083706,0.8420750520198034,POOLED,walk_full,node4_zscored,,,True,shared_slope,
ds_wiki-rfa,13937,2.4349558974155032,1.1108821204977066,0.04396043468701491,0.0502128077349851,48.49272540716699,0.0,11.415315257359472,"cluster_2way(u,v)",0.244714150083706,0.8420750520198034,POOLED,walk_full,node4_zscored,,,True,shared_slope,
src_out,13937,-0.6306930359151652,-0.6306930359151606,0.03128245964390314,0.037302901425994774,-16.907345321821605,0.0,0.5322228236327312,"cluster_2way(u,v)",0.24847121993634302,0.8442275956088111,POOLED,walk_localattn4,node4_zscored,,,True,shared_slope,0.0
src_in,13937,-0.019535092551718657,-0.01953509255171886,0.026693641208006703,0.028822911166816855,-0.6777626464813503,0.4979221984366293,0.9806544809167377,"cluster_2way(u,v)",0.24847121993634302,0.8442275956088111,POOLED,walk_localattn4,node4_zscored,,,True,shared_slope,0.5209839908810694
tgt_out,13937,-0.09274747006856837,-0.0927474700685673,0.026627359358985733,0.031549231533143665,-2.9397695462450053,0.0032845644201147106,0.9114236329847644,"cluster_2way(u,v)",0.24847121993634302,0.8442275956088111,POOLED,walk_localattn4,node4_zscored,,,True,shared_slope,0.005255303072183537
tgt_in,13937,-1.376026761127926,-1.376026761127973,0.03563854388222497,0.04141087784908406,-33.22863055795764,0.0,0.25258012316717815,"cluster_2way(u,v)",0.24847121993634302,0.8442275956088111,POOLED,walk_localattn4,node4_zscored,,,True,shared_slope,0.0
ds_wiki-elec,13937,2.430117386222424,1.1086746819235933,0.05804764063630531,0.06156424588107131,39.472868569151004,0.0,11.36021553452285,"cluster_2way(u,v)",0.24847121993634302,0.8442275956088111,POOLED,walk_localattn4,node4_zscored,,,True,shared_slope,
ds_wiki-rfa,13937,2.46630021341106,1.1251821085408793,0.04449304354351838,0.0480625369345226,51.314399337076054,0.0,11.778787136952333,"cluster_2way(u,v)",0.24847121993634302,0.8442275956088111,POOLED,walk_localattn4,node4_zscored,,,True,shared_slope,
src_out,13937,-0.43854495360232376,-0.4385449536023244,0.03164336430565107,0.045364790760512544,-9.667077622323172,0.0,0.644974206052478,"cluster_2way(u,v)",0.2708088398440732,0.8658247829518547,POOLED,GINEConv,node4_zscored,,,True,shared_slope,0.0
src_in,13937,0.021676806207707358,0.021676806207707615,0.02841388547742489,0.03377347299264165,0.6418293496919953,0.5209839908810694,1.0219134550081788,"cluster_2way(u,v)",0.2708088398440732,0.8658247829518547,POOLED,GINEConv,node4_zscored,,,True,shared_slope,0.5209839908810694
tgt_out,13937,0.01980771647149804,0.01980771647149784,0.02801593031852047,0.027273472891596613,0.7262630817214741,0.46767750702429955,1.0200051909720336,"cluster_2way(u,v)",0.2708088398440732,0.8658247829518547,POOLED,GINEConv,node4_zscored,,,True,shared_slope,0.5209839908810694
tgt_in,13937,-1.6858097956846965,-1.6858097956847413,0.04457095402312678,0.048962524699643566,-34.43061414880366,0.0,0.1852943206431718,"cluster_2way(u,v)",0.2708088398440732,0.8658247829518547,POOLED,GINEConv,node4_zscored,,,True,shared_slope,0.0
ds_wiki-elec,13937,2.671998929999508,1.219026529587672,0.06523689503368264,0.0746498149145758,35.793778364449565,0.0,14.468862548691467,"cluster_2way(u,v)",0.2708088398440732,0.8658247829518547,POOLED,GINEConv,node4_zscored,,,True,shared_slope,
ds_wiki-rfa,13937,2.9555667753539367,1.3483966137385393,0.055643532078091404,0.06859399453957128,43.08783582575725,0.0,19.212608867732637,"cluster_2way(u,v)",0.2708088398440732,0.8658247829518547,POOLED,GINEConv,node4_zscored,,,True,shared_slope,
src_out,13937,-0.6373091967200872,-0.6373091967200825,0.033659767066103935,0.03754193392824642,-16.975928782416243,0.0,0.5287131748503666,"cluster_2way(u,v)",0.2395444954029401,0.869268852694267,POOLED,SiGAT,node4_zscored,,,True,shared_slope,0.0
src_in,13937,0.02393352537927405,0.023933525379274283,0.02836152798224121,0.03157061453494432,0.7580950111941259,0.4483941060564971,1.0242222308432818,"cluster_2way(u,v)",0.2395444954029401,0.869268852694267,POOLED,SiGAT,node4_zscored,,,True,shared_slope,0.5209839908810694
tgt_out,13937,-0.022027761060454912,-0.02202776106045465,0.027980249707210386,0.02808513628767774,-0.7843209601984207,0.43285180362140974,0.9782130784418552,"cluster_2way(u,v)",0.2395444954029401,0.869268852694267,POOLED,SiGAT,node4_zscored,,,True,shared_slope,0.5209839908810694
tgt_in,13937,-1.3902939265016334,-1.3902939265016816,0.039159966537073605,0.04469905544497323,-31.103429651061745,0.0,0.2490021055568355,"cluster_2way(u,v)",0.2395444954029401,0.869268852694267,POOLED,SiGAT,node4_zscored,,,True,shared_slope,0.0
ds_wiki-elec,13937,2.6771073004131902,1.221357084060327,0.06299560502099782,0.07099530227019003,37.70823159854721,0.0,14.542963965655447,"cluster_2way(u,v)",0.2395444954029401,0.869268852694267,POOLED,SiGAT,node4_zscored,,,True,shared_slope,
ds_wiki-rfa,13937,2.7386556267409947,1.2494368268337745,0.04948743351807754,0.05647226494024383,48.495586809541024,0.0,15.466178796563991,"cluster_2way(u,v)",0.2395444954029401,0.869268852694267,POOLED,SiGAT,node4_zscored,,,True,shared_slope,
