term,n,beta,beta_std,se_naive,se_robust,z,p,odds_ratio,cov_method,pseudo_r2,base_rate,seed,scale,p_fdr
src_out,127131,-2.7176467588413007,-1.012773995629388,0.03253308146602594,0.04664419709627228,-58.26334095176204,0.0,0.0660299561517601,"cluster_2way(u,v)",0.25188168574889125,0.8980500428691665,42,raw,0.0
src_in,127131,-0.4029781082500998,-0.1362813964088143,0.03181118986028953,0.044878696566589486,-8.979273888941371,0.0,0.6683267300050391,"cluster_2way(u,v)",0.25188168574889125,0.8980500428691665,42,raw,0.0
tgt_out,127131,0.013721500410098893,0.005266207244641943,0.027062343652913875,0.03189989802847695,0.4301424536796245,0.6670920196835648,1.0138160722576712,"cluster_2way(u,v)",0.25188168574889125,0.8980500428691665,42,raw,0.6670920196835648
tgt_in,127131,-2.5159699531210853,-0.8232895989126748,0.036455733230788,0.05410535131851941,-46.501314413606046,0.0,0.08078451699861336,"cluster_2way(u,v)",0.25188168574889125,0.8980500428691665,42,raw,0.0
ds_bitcoin-alpha,127131,4.717585282041964,0.6339817848123889,0.10458388507513444,0.10019784018983559,47.08270430883531,0.0,111.89772472955694,"cluster_2way(u,v)",0.25188168574889125,0.8980500428691665,42,raw,
ds_bitcoin-otc,127131,4.559559781119573,0.7325562494394845,0.07761027525029683,0.0969231916869881,47.04302140446013,0.0,95.54141143791777,"cluster_2way(u,v)",0.25188168574889125,0.8980500428691665,42,raw,
ds_epinions,127131,5.151714867681306,2.5591574898749045,0.03422571539824899,0.048089382452704305,107.1279065134179,0.0,172.72744119260707,"cluster_2way(u,v)",0.25188168574889125,0.8980500428691665,42,raw,
ds_wiki-elec,127131,5.351000436837006,0.9472208020043855,0.06274022413325661,0.07341999378254958,72.88206060988291,0.0,210.81910359736605,"cluster_2way(u,v)",0.25188168574889125,0.8980500428691665,42,raw,
ds_wiki-rfa,127131,5.392575571615006,1.4396929873560456,0.049767947996858526,0.061487604522338264,87.70183215799047,0.0,219.76868724670007,"cluster_2way(u,v)",0.25188168574889125,0.8980500428691665,42,raw,
ds_slashdot090221,127131,5.0705636158506,2.297567825698533,0.041747444585747584,0.054986969926088446,92.21391218076343,0.0,159.26406580383016,"cluster_2way(u,v)",0.25188168574889125,0.8980500428691665,42,raw,
src_out,127131,-1.012773995629388,-1.0127739956296522,0.01212396673677022,0.017382696891135817,-58.26334095176249,0.0,0.36321003776112615,"cluster_2way(u,v)",0.25188168574889125,0.8980500428691665,42,zscored,0.0
src_in,127131,-0.13628139640881423,-0.1362813964088767,0.01075808657301943,0.01517732926897961,-8.979273888941371,0.0,0.8725970522607946,"cluster_2way(u,v)",0.25188168574889125,0.8980500428691665,42,zscored,0.0
tgt_out,127131,0.005266207244641899,0.005266207244642585,0.010386321170611536,0.012242937658425783,0.4301424536796209,0.6670920196835675,1.0052800980873278,"cluster_2way(u,v)",0.25188168574889125,0.8980500428691665,42,zscored,0.6670920196835675
tgt_in,127131,-0.823289598912675,-0.8232895989126235,0.011929246592317456,0.017704652208105732,-46.50131441360637,0.0,0.4389851914602633,"cluster_2way(u,v)",0.25188168574889125,0.8980500428691665,42,zscored,0.0
ds_bitcoin-alpha,127131,2.602120199843668,0.34969093507922816,0.10223344264982503,0.09618351470560464,27.053702578951835,0.0,13.492314133093323,"cluster_2way(u,v)",0.25188168574889125,0.8980500428691665,42,zscored,
ds_bitcoin-otc,127131,2.4440946989212766,0.3926775679815882,0.07333666527639844,0.0930233365030194,26.2739952231443,0.0,11.520115703469724,"cluster_2way(u,v)",0.25188168574889125,0.8980500428691665,42,zscored,
ds_epinions,127131,3.03624978548301,1.5082824999488302,0.019366491211903918,0.030570928910197238,99.31820503073554,0.0,20.82699091164341,"cluster_2way(u,v)",0.25188168574889125,0.8980500428691665,42,zscored,
ds_wiki-elec,127131,3.23553535463871,0.5727464293286465,0.05320039773901288,0.059962136014789,53.95964136168699,0.0,25.41997683927411,"cluster_2way(u,v)",0.25188168574889125,0.8980500428691665,42,zscored,
ds_wiki-rfa,127131,3.2771104894167102,0.8749127254217017,0.03629527682540704,0.04315711595122826,75.934418164554,0.0,26.499092560787215,"cluster_2way(u,v)",0.25188168574889125,0.8980500428691665,42,zscored,
ds_slashdot090221,127131,2.9550985336523037,1.339010774160159,0.023504138552325974,0.031487281648363764,93.85054469463437,0.0,19.203614828919946,"cluster_2way(u,v)",0.25188168574889125,0.8980500428691665,42,zscored,
src_out,127041,-2.748346509568656,-1.0264967019703093,0.032316993241766526,0.0471736662940952,-58.26018466393125,0.0,0.06403365275206002,"cluster_2way(u,v)",0.25098302908356995,0.8956163758156815,43,raw,0.0
src_in,127041,-0.4003392761481128,-0.13499408431503432,0.03157640426522285,0.04860693253299032,-8.236258806835753,2.220446049250313e-16,0.6700926610077569,"cluster_2way(u,v)",0.25098302908356995,0.8956163758156815,43,raw,2.9605947323337506e-16
tgt_out,127041,0.09473218376462739,0.036385338724108214,0.026807363078080952,0.03230364558490008,2.9325539594487355,0.0033618649691766755,1.099364388064619,"cluster_2way(u,v)",0.25098302908356995,0.8956163758156815,43,raw,0.0033618649691766755
tgt_in,127041,-2.5516388067591618,-0.8338087466315985,0.03636855078537224,0.05212303949419125,-48.9541444919674,0.0,0.07795381003337105,"cluster_2way(u,v)",0.25098302908356995,0.8956163758156815,43,raw,0.0
ds_bitcoin-alpha,127041,4.588124163067634,0.6175739139190071,0.09965913112768202,0.09451897998047276,48.5418289957797,0.0,98.30984385325002,"cluster_2way(u,v)",0.25098302908356995,0.8956163758156815,43,raw,
ds_bitcoin-otc,127041,4.8177165740408645,0.7723975727874656,0.08234536934774596,0.09751232463725697,49.40623241177596,0.0,123.68234860677178,"cluster_2way(u,v)",0.25098302908356995,0.8956163758156815,43,raw,
ds_epinions,127041,5.074642092570153,2.520516554929195,0.03371578149251599,0.048619076022981045,104.37553544151054,0.0,159.91494698812312,"cluster_2way(u,v)",0.25098302908356995,0.8956163758156815,43,raw,
ds_wiki-elec,127041,5.323866262108675,0.9289025782611159,0.06258070966492753,0.0744281791626521,71.53024999407992,0.0,205.17561318546447,"cluster_2way(u,v)",0.25098302908356995,0.8956163758156815,43,raw,
ds_wiki-rfa,127041,5.3983633886687485,1.4421765624401586,0.04977052409781026,0.060221892372251555,89.64121146010604,0.0,221.04435631109203,"cluster_2way(u,v)",0.25098302908356995,0.8956163758156815,43,raw,
ds_slashdot090221,127041,5.096361801272544,2.3099488636650425,0.04173759713231617,0.05542831707098983,91.94509360162203,0.0,163.42624722738452,"cluster_2way(u,v)",0.25098302908356995,0.8956163758156815,43,raw,
src_out,127041,-1.0264967019703095,-1.0264967019709015,0.012070270930093378,0.017619180369776794,-58.260184663931305,0.0,0.3582598557018115,"cluster_2way(u,v)",0.25098302908356995,0.8956163758156815,43,zscored,0.0
src_in,127041,-0.1349940843150343,-0.13499408431500282,0.010647538309901096,0.016390218845842342,-8.236258806835751,2.220446049250313e-16,0.8737210803314055,"cluster_2way(u,v)",0.25098302908356995,0.8956163758156815,43,zscored,2.9605947323337506e-16
tgt_out,127041,0.03638533872410826,0.036385338724113654,0.010296342247525993,0.012407389336136202,2.9325539594487378,0.0033618649691766755,1.0370553871064416,"cluster_2way(u,v)",0.25098302908356995,0.8956163758156815,43,zscored,0.0033618649691766755
tgt_in,127041,-0.8338087466315987,-0.8338087466316586,0.011884290075394327,0.01703244444948711,-48.95414449196731,0.0,0.4343916438450359,"cluster_2way(u,v)",0.25098302908356995,0.8956163758156815,43,zscored,0.0
ds_bitcoin-alpha,127041,2.4694470647319373,0.3323942497586295,0.09734193069312957,0.09150379600774053,26.987372901153094,0.0,11.815911610776375,"cluster_2way(u,v)",0.25098302908356995,0.8956163758156815,43,zscored,
ds_bitcoin-otc,127041,2.6990394757051686,0.4327219145944186,0.078131138844557,0.09360603122958688,28.834033878492857,0.0,14.86544624292508,"cluster_2way(u,v)",0.25098302908356995,0.8956163758156815,43,zscored,
ds_epinions,127041,2.9559649942344572,1.468193927344667,0.01885447593361385,0.033446081522728904,88.38000924639488,0.0,19.220261214881255,"cluster_2way(u,v)",0.25098302908356995,0.8956163758156815,43,zscored,
ds_wiki-elec,127041,3.2051891637729786,0.5592380295563733,0.05306056434853779,0.060521843445098644,52.95921243179764,0.0,24.6601643850149,"cluster_2way(u,v)",0.25098302908356995,0.8956163758156815,43,zscored,
ds_wiki-rfa,127041,3.2796862903330526,0.8761704908570523,0.03629480903821324,0.042415394148513794,77.32301812048517,0.0,26.567436930645467,"cluster_2way(u,v)",0.25098302908356995,0.8956163758156815,43,zscored,
ds_slashdot090221,127041,2.9776847029368483,1.3496489582400262,0.02353171622976952,0.032597218346348406,91.3478159792249,0.0,19.64228622926275,"cluster_2way(u,v)",0.25098302908356995,0.8956163758156815,43,zscored,
src_out,126682,-2.741409040318759,-1.0228644474400814,0.03284084556466052,0.04770772422780784,-57.462582520774454,0.0,0.06447942873971409,"cluster_2way(u,v)",0.2505679654528373,0.8989359182835762,44,raw,0.0
src_in,126682,-0.3737856017470346,-0.1263809891233131,0.03191051310180615,0.050830601145552365,-7.3535546171627475,1.929567616798522e-13,0.6881244286900696,"cluster_2way(u,v)",0.2505679654528373,0.8989359182835762,44,raw,2.5727568223980296e-13
tgt_out,126682,0.038669654002188025,0.014845468776526153,0.027191511816388642,0.03164090863428116,1.2221410721527641,0.22165428349736183,1.0394270563602794,"cluster_2way(u,v)",0.2505679654528373,0.8989359182835762,44,raw,0.22165428349736183
tgt_in,126682,-2.571764188027576,-0.8414276733761601,0.036900694007187276,0.05477164887755536,-46.954295529369176,0.0,0.07640064136404344,"cluster_2way(u,v)",0.2505679654528373,0.8989359182835762,44,raw,0.0
ds_bitcoin-alpha,126682,4.606690325865582,0.621323967418461,0.10055094794282331,0.1171805568058456,39.31275333926195,0.0,100.15212958757998,"cluster_2way(u,v)",0.2505679654528373,0.8989359182835762,44,raw,
ds_bitcoin-otc,126682,4.663932698109702,0.7520220189836124,0.07941577909909786,0.10481469858424132,44.49693374218141,0.0,106.05233493905422,"cluster_2way(u,v)",0.2505679654528373,0.8989359182835762,44,raw,
ds_epinions,126682,5.151749680960354,2.5595402568595196,0.034469765445215746,0.05337128125106228,96.52662555965556,0.0,172.73345450588752,"cluster_2way(u,v)",0.2505679654528373,0.8989359182835762,44,raw,
ds_wiki-elec,126682,5.331525525771207,0.9299318911900675,0.06304093705586075,0.0740047840068477,72.04298475187602,0.0,206.7531409424446,"cluster_2way(u,v)",0.2505679654528373,0.8989359182835762,44,raw,
ds_wiki-rfa,126682,5.3824819590266255,1.4338097490441697,0.049913077811447666,0.0661761157661678,81.33571903865642,0.0,217.56158481547132,"cluster_2way(u,v)",0.2505679654528373,0.8989359182835762,44,raw,
ds_slashdot090221,126682,5.177337038561323,2.349888039537786,0.04242219607191799,0.05779051964952807,89.58799938051088,0.0,177.2102779672288,"cluster_2way(u,v)",0.2505679654528373,0.8989359182835762,44,raw,
src_out,126682,-1.0228644474400814,-1.022864447440712,0.012253455379302182,0.017800530407248657,-57.46258252077449,0.0,0.35956351285970034,"cluster_2way(u,v)",0.2505679654528373,0.8989359182835762,44,zscored,0.0
src_in,126682,-0.12638098912331314,-0.12638098912328594,0.010789292552707852,0.01718638069653385,-7.353554617162744,1.929567616798522e-13,0.8812790250921082,"cluster_2way(u,v)",0.2505679654528373,0.8989359182835762,44,zscored,2.5727568223980296e-13
tgt_out,126682,0.014845468776526148,0.014845468776519091,0.010438954008585098,0.012147099148199229,1.2221410721527652,0.2216542834973616,1.014956210071654,"cluster_2way(u,v)",0.2505679654528373,0.8989359182835762,44,zscored,0.2216542834973616
tgt_in,126682,-0.8414276733761598,-0.8414276733760375,0.012073138450631635,0.017920142638491017,-46.95429552936935,0.0,0.4310946215665313,"cluster_2way(u,v)",0.2505679654528373,0.8989359182835762,44,zscored,0.0
ds_bitcoin-alpha,126682,2.4748015589850594,0.33378703894385814,0.09816326920555943,0.11419170124757771,21.672341614558054,0.0,11.879349529009074,"cluster_2way(u,v)",0.2505679654528373,0.8989359182835762,44,zscored,
ds_bitcoin-otc,126682,2.532043931229178,0.4082719268418958,0.07520365935282788,0.10108927147863059,25.0476029176294,0.0,12.579190879879194,"cluster_2way(u,v)",0.2505679654528373,0.8989359182835762,44,zscored,
ds_epinions,126682,3.01986091407983,1.5003554245405495,0.01934926268733553,0.036820728752489706,82.01524023001951,0.0,20.48844183222531,"cluster_2way(u,v)",0.2505679654528373,0.8989359182835762,44,zscored,
ds_wiki-elec,126682,3.1996367588906836,0.5580849698522399,0.053380121926320905,0.058119705825397834,55.05252845743876,0.0,24.523620591891618,"cluster_2way(u,v)",0.2505679654528373,0.8989359182835762,44,zscored,
ds_wiki-rfa,126682,3.250593192146102,0.865907632306963,0.036072720868013206,0.046139728791473475,70.45106846719925,0.0,25.805643082687297,"cluster_2way(u,v)",0.2505679654528373,0.8989359182835762,44,zscored,
ds_slashdot090221,126682,3.045448271680799,1.3822670641976145,0.02397699869256051,0.03219506879742763,94.59362521766467,0.0,21.01945151615255,"cluster_2way(u,v)",0.2505679654528373,0.8989359182835762,44,zscored,
src_out,127068,-2.691885187126014,-1.0038698974751528,0.03228650177666925,0.04890911515795563,-55.03851743038839,0.0,0.06775309164506378,"cluster_2way(u,v)",0.2447981788384903,0.896748197815343,45,raw,0.0
src_in,127068,-0.4296222061676564,-0.1449729377534799,0.03155160101914685,0.046691408512286245,-9.201311758556328,0.0,0.6507548994760226,"cluster_2way(u,v)",0.2447981788384903,0.896748197815343,45,raw,0.0
tgt_out,127068,0.0022395031224156457,0.0008592204132414813,0.02681561704664892,0.031384860982922584,0.07135615874272072,0.9431143008777032,1.0022420126825728,"cluster_2way(u,v)",0.2447981788384903,0.896748197815343,45,raw,0.9431143008777032
tgt_in,127068,-2.4381782444066347,-0.7989806075452454,0.035933670497605,0.051925848078009366,-46.955000922540634,0.0,0.0873197819529553,"cluster_2way(u,v)",0.2447981788384903,0.896748197815343,45,raw,0.0
ds_bitcoin-alpha,127068,4.7140979663995495,0.6359224751276177,0.10526899219202342,0.1287569527678353,36.6123759926165,0.0,111.50818166834375,"cluster_2way(u,v)",0.2447981788384903,0.896748197815343,45,raw,
ds_bitcoin-otc,127068,4.638011330641991,0.7438329973516059,0.07907833490892151,0.10785523368129772,43.00219073602758,0.0,103.33863672528261,"cluster_2way(u,v)",0.2447981788384903,0.896748197815343,45,raw,
ds_epinions,127068,5.063718572144724,2.5159195037707827,0.03352630417341657,0.04888514298956161,103.5839983781161,0.0,158.1776189428362,"cluster_2way(u,v)",0.2447981788384903,0.896748197815343,45,raw,
ds_wiki-elec,127068,5.363318787747115,0.9419015909547326,0.06329623582618625,0.07594442490487094,70.62162620186122,0.0,213.43210820613848,"cluster_2way(u,v)",0.2447981788384903,0.896748197815343,45,raw,
ds_wiki-rfa,127068,5.300093238267756,1.4183564314541766,0.04889166717933767,0.05955444013005173,88.9957696973341,0.0,200.35548990275007,"cluster_2way(u,v)",0.2447981788384903,0.896748197815343,45,raw,
ds_slashdot090221,127068,5.0340172180003115,2.283131172637093,0.04129318291697014,0.05406844420700849,93.10453244644664,0.0,153.54861362073362,"cluster_2way(u,v)",0.2447981788384903,0.896748197815343,45,raw,
src_out,127068,-1.0038698974751525,-1.003869897475704,0.012040427052158307,0.01823940658911878,-55.03851743038826,0.0,0.3664585366016969,"cluster_2way(u,v)",0.2447981788384903,0.896748197815343,45,zscored,0.0
src_in,127068,-0.14497293775347983,-0.14497293775347364,0.010646861882149538,0.015755681532980282,-9.201311758556301,0.0,0.8650457028740418,"cluster_2way(u,v)",0.2447981788384903,0.896748197815343,45,zscored,0.0
tgt_out,127068,0.0008592204132415611,0.0008592204132416187,0.010288231049793883,0.012041292978500375,0.07135615874272737,0.9431143008776979,1.0008595896488448,"cluster_2way(u,v)",0.2447981788384903,0.896748197815343,45,zscored,0.9431143008776979
tgt_in,127068,-0.7989806075452454,-0.7989806075453607,0.011775310501342838,0.01701587885949112,-46.95500092254065,0.0,0.4497872402148583,"cluster_2way(u,v)",0.2447981788384903,0.896748197815343,45,zscored,0.0
ds_bitcoin-alpha,127068,2.6174921756094136,0.35309450817629284,0.10306457066045849,0.12634203841948866,20.717507872705472,0.0,13.701319959605346,"cluster_2way(u,v)",0.2447981788384903,0.896748197815343,45,zscored,
ds_bitcoin-otc,127068,2.5414055398518545,0.4075844506253752,0.07502951221377822,0.10482847097113422,24.243466648976128,0.0,12.697505284174815,"cluster_2way(u,v)",0.2447981788384903,0.896748197815343,45,zscored,
ds_epinions,127068,2.9671127813545883,1.4742163906110988,0.018871608571099922,0.03237318968424373,91.6533962298656,0.0,19.435723326834523,"cluster_2way(u,v)",0.2447981788384903,0.896748197815343,45,zscored,
ds_wiki-elec,127068,3.266712996956979,0.5736974233296982,0.054184062579530144,0.06273307906219001,52.07321314036802,0.0,26.22499587414218,"cluster_2way(u,v)",0.2447981788384903,0.896748197815343,45,zscored,
ds_wiki-rfa,127068,3.20348744747762,0.8572843570762598,0.03565855701549536,0.04120549845579977,77.74417414010729,0.0,24.618235467114395,"cluster_2way(u,v)",0.2447981788384903,0.896748197815343,45,zscored,
ds_slashdot090221,127068,2.9374114272101757,1.3322353313261057,0.02332971716099016,0.031174824499661122,94.22383202965925,0.0,18.866944587338235,"cluster_2way(u,v)",0.2447981788384903,0.896748197815343,45,zscored,
src_out,127143,-2.6547558567420753,-0.9916508184932579,0.0320793893408115,0.047522584886052224,-55.863035714651126,0.0,0.07031600374801286,"cluster_2way(u,v)",0.24589045524998987,0.896329329967045,46,raw,0.0
src_in,127143,-0.42464361732516065,-0.1432986626808257,0.03157454242744928,0.04813746694697116,-8.821478242570459,0.0,0.6540028188767296,"cluster_2way(u,v)",0.24589045524998987,0.896329329967045,46,raw,0.0
tgt_out,127143,0.04444969354733126,0.0170876847046079,0.026737792173386878,0.031960800671863084,1.3907565709535827,0.16429925658993838,1.0454523823867576,"cluster_2way(u,v)",0.24589045524998987,0.896329329967045,46,raw,0.16429925658993838
tgt_in,127143,-2.472866313451379,-0.809094752476975,0.03605708597981605,0.05248161320485835,-47.118717631615404,0.0,0.08434275941482906,"cluster_2way(u,v)",0.24589045524998987,0.896329329967045,46,raw,0.0
ds_bitcoin-alpha,127143,4.6641755064024855,0.6278260141681888,0.10399015028147388,0.12777917902840155,36.50184280308904,0.0,106.07808845190324,"cluster_2way(u,v)",0.24589045524998987,0.896329329967045,46,raw,
ds_bitcoin-otc,127143,4.679324058752162,0.7524140140374265,0.08042554143204678,0.11239550432321813,41.63266215075409,0.0,107.69725094840896,"cluster_2way(u,v)",0.24589045524998987,0.896329329967045,46,raw,
ds_epinions,127143,5.071242719755413,2.5188090196916244,0.0335773871334769,0.049420762572534666,102.61360723263567,0.0,159.372259385998,"cluster_2way(u,v)",0.24589045524998987,0.896329329967045,46,raw,
ds_wiki-elec,127143,5.350205509544217,0.9396671517056006,0.06358330741990945,0.07007948420455364,76.34481860522271,0.0,210.65158432971572,"cluster_2way(u,v)",0.24589045524998987,0.896329329967045,46,raw,
ds_wiki-rfa,127143,5.284136054893266,1.4112075230534153,0.0490174222467039,0.06004406156527225,88.0043074559343,0.0,197.18375389856217,"cluster_2way(u,v)",0.24589045524998987,0.896329329967045,46,raw,
ds_slashdot090221,127143,4.967706155380405,2.2503142502315785,0.04111416095512472,0.054374946087522295,91.3602037854778,0.0,143.69689069549193,"cluster_2way(u,v)",0.24589045524998987,0.896329329967045,46,raw,
src_out,127143,-0.9916508184932578,-0.9916508184939045,0.011982854323794156,0.01775146670436283,-55.86303571465094,0.0,0.3709637913810635,"cluster_2way(u,v)",0.24589045524998987,0.896329329967045,46,zscored,0.0
src_in,127143,-0.1432986626808256,-0.14329866268082,0.010655028169534182,0.01624429134669283,-8.82147824257041,0.0,0.8664952404547781,"cluster_2way(u,v)",0.24589045524998987,0.896329329967045,46,zscored,0.0
tgt_out,127143,0.01708768470460796,0.017087684704610605,0.010278742684011117,0.012286610799826451,1.3907565709535883,0.1642992565899366,1.017234514322702,"cluster_2way(u,v)",0.24589045524998987,0.896329329967045,46,zscored,0.1642992565899366
tgt_in,127143,-0.8090947524769749,-0.8090947524769667,0.01179748330800897,0.01717140858549376,-47.11871763161528,0.0,0.4452609552151052,"cluster_2way(u,v)",0.24589045524998987,0.896329329967045,46,zscored,0.0
ds_bitcoin-alpha,127143,2.5819634645361407,0.3475477774029822,0.10161036613042534,0.124984583514679,20.658255537835178,0.0,13.223075727828162,"cluster_2way(u,v)",0.24589045524998987,0.896329329967045,46,zscored,
ds_bitcoin-otc,127143,2.597112016885816,0.4176037934100668,0.07642583837567452,0.10903949611537861,23.818085275611676,0.0,13.424911079684648,"cluster_2way(u,v)",0.24589045524998987,0.896329329967045,46,zscored,
ds_epinions,127143,2.9890306778890685,1.4846060123040354,0.018964726251748748,0.0328828391005757,90.89941013751267,0.0,19.866416198964924,"cluster_2way(u,v)",0.24589045524998987,0.896329329967045,46,zscored,
ds_wiki-elec,127143,3.267993467677872,0.5739641417675145,0.05451676063553957,0.05594825992155929,58.4109938764793,0.0,26.258597722014603,"cluster_2way(u,v)",0.24589045524998987,0.896329329967045,46,zscored,
ds_wiki-rfa,127143,3.201924013026921,0.8551216714498929,0.03573473557507056,0.041060604616510184,77.98043996019118,0.0,24.579776541508153,"cluster_2way(u,v)",0.24589045524998987,0.896329329967045,46,zscored,
ds_slashdot090221,127143,2.8854941135140604,1.3070959351263802,0.023100086295505723,0.03126307082402155,92.29720681491527,0.0,17.912416176140514,"cluster_2way(u,v)",0.24589045524998987,0.896329329967045,46,zscored,
src_out,127186,-2.6380783575736597,-0.9820422362265879,0.03212262787312944,0.047059401637312474,-56.05847643166757,0.0,0.07149853224222417,"cluster_2way(u,v)",0.24447311390988902,0.8975909298193198,47,raw,0.0
src_in,127186,-0.4205126381315955,-0.14182580453104787,0.031650622878348265,0.05034591068855374,-8.352468599345448,0.0,0.6567100788814721,"cluster_2way(u,v)",0.24447311390988902,0.8975909298193198,47,raw,0.0
tgt_out,127186,0.039738721968169605,0.01526999200687787,0.026880482834055208,0.03210470809411935,1.2377848710435273,0.2157958395985602,1.040538868724809,"cluster_2way(u,v)",0.24447311390988902,0.8975909298193198,47,raw,0.2157958395985602
tgt_in,127186,-2.5414014738533397,-0.8314079173915816,0.03643639082790135,0.05291238124154915,-48.03037425686143,0.0,0.07875594800918165,"cluster_2way(u,v)",0.24447311390988902,0.8975909298193198,47,raw,0.0
ds_bitcoin-alpha,127186,4.748521011389438,0.635992889840326,0.10969195365596875,0.11205046036797275,42.37841590115146,0.0,115.4134630394674,"cluster_2way(u,v)",0.24447311390988902,0.8975909298193198,47,raw,
ds_bitcoin-otc,127186,4.624736892760472,0.7429787307489724,0.07919161050339046,0.10413410058300614,44.41135868911699,0.0,101.97593894493247,"cluster_2way(u,v)",0.24447311390988902,0.8975909298193198,47,raw,
ds_epinions,127186,5.061405323481861,2.513964229441713,0.03351879258053168,0.05082104830454028,99.59269815041736,0.0,157.81213766483836,"cluster_2way(u,v)",0.24447311390988902,0.8975909298193198,47,raw,
ds_wiki-elec,127186,5.291019196208302,0.9327718891810196,0.06212229788877386,0.07236478696489328,73.11593688205237,0.0,198.54567932720542,"cluster_2way(u,v)",0.24447311390988902,0.8975909298193198,47,raw,
ds_wiki-rfa,127186,5.3283153995149615,1.4266913794677585,0.049254774849305065,0.06219968262219092,85.66467182605821,0.0,206.09050140347193,"cluster_2way(u,v)",0.24447311390988902,0.8975909298193198,47,raw,
ds_slashdot090221,127186,5.061536183150465,2.2919172168325357,0.041520741626013546,0.0569419208295443,88.88945278650115,0.0,157.83279026014134,"cluster_2way(u,v)",0.24447311390988902,0.8975909298193198,47,raw,
src_out,127186,-0.9820422362265879,-0.9820422362265394,0.011957862138339369,0.017518175639747318,-56.058476431667565,0.0,0.37454540705696954,"cluster_2way(u,v)",0.2444731139098889,0.8975909298193198,47,zscored,0.0
src_in,127186,-0.14182580453104784,-0.1418258045310665,0.01067476847681754,0.016980106281652176,-8.352468599345428,0.0,0.8677724053419011,"cluster_2way(u,v)",0.2444731139098889,0.8975909298193198,47,zscored,0.0
tgt_out,127186,0.015269992006877961,0.015269992006886614,0.01032908804530301,0.012336547621562336,1.2377848710435346,0.2157958395985573,1.015387174031253,"cluster_2way(u,v)",0.2444731139098889,0.8975909298193198,47,zscored,0.2157958395985573
tgt_in,127186,-0.8314079173915816,-0.8314079173914811,0.011919999310285817,0.017310044534429345,-48.03037425686151,0.0,0.43543579692027534,"cluster_2way(u,v)",0.2444731139098889,0.8975909298193198,47,zscored,0.0
ds_bitcoin-alpha,127186,2.6523583784916323,0.35524346759402997,0.1076332798603243,0.10908175541277017,24.31532540391371,0.0,14.187458618669877,"cluster_2way(u,v)",0.2444731139098889,0.8975909298193198,47,zscored,
ds_bitcoin-otc,127186,2.528574259862666,0.4062235188207468,0.07517615613739147,0.10041823625095819,25.180428916750053,0.0,12.53562085201868,"cluster_2way(u,v)",0.2444731139098889,0.8975909298193198,47,zscored,
ds_epinions,127186,2.9652426905840548,1.4728150739395196,0.018828698913982457,0.03535671571912751,83.86646299785978,0.0,19.39941072453639,"cluster_2way(u,v)",0.2444731139098889,0.8975909298193198,47,zscored,
ds_wiki-elec,127186,3.1948565633104966,0.5632322019086828,0.05266489305118815,0.05709039437835673,55.961367899074865,0.0,24.406672628886966,"cluster_2way(u,v)",0.2444731139098889,0.8975909298193198,47,zscored,
ds_wiki-rfa,127186,3.232152766617156,0.8654300925345616,0.03597343013839995,0.042193937860549736,76.60230190648161,0.0,25.334136792713803,"cluster_2way(u,v)",0.2444731139098889,0.8975909298193198,47,zscored,
ds_slashdot090221,127186,2.965373550252659,1.3427525652762586,0.02348013176690449,0.03237852769912967,91.58457042295866,0.0,19.401949491102375,"cluster_2way(u,v)",0.2444731139098889,0.8975909298193198,47,zscored,
src_out,126919,-2.6143816984845367,-0.974269136193896,0.031565287508797155,0.054399729671011275,-48.05872592189917,0.0,0.07321304243940342,"cluster_2way(u,v)",0.23684002189262776,0.8956421024432906,48,raw,0.0
src_in,126919,-0.4428850432833843,-0.14928120662921865,0.031431712225719645,0.05242242909532331,-8.44838842698525,0.0,0.6421810258669383,"cluster_2way(u,v)",0.23684002189262776,0.8956421024432906,48,raw,0.0
tgt_out,126919,0.022249306176687803,0.008567240492232849,0.026569095330924112,0.033069500637278176,0.6728044194174158,0.5010717257906583,1.0224986679306778,"cluster_2way(u,v)",0.23684002189262776,0.8956421024432906,48,raw,0.5010717257906583
tgt_in,126919,-2.421154669649356,-0.7929332232461612,0.03566076965486845,0.05348683234085542,-45.26636863106921,0.0,0.08881900162163218,"cluster_2way(u,v)",0.23684002189262776,0.8956421024432906,48,raw,0.0
ds_bitcoin-alpha,126919,4.572070462443576,0.6136385152694247,0.10296221604468372,0.11739950954608419,38.944544829200055,0.0,96.74420780252362,"cluster_2way(u,v)",0.23684002189262776,0.8956421024432906,48,raw,
ds_bitcoin-otc,126919,4.583464523716435,0.7375263193524865,0.07922864131828293,0.09437010773791821,48.56902925707676,0.0,97.85282104387008,"cluster_2way(u,v)",0.23684002189262776,0.8956421024432906,48,raw,
ds_epinions,126919,4.95241549638277,2.4603050810986002,0.032782246316493006,0.05676921604138761,87.23769397788072,0.0,141.51638371930554,"cluster_2way(u,v)",0.23684002189262776,0.8956421024432906,48,raw,
ds_wiki-elec,126919,5.255028277319085,0.9269293492545071,0.062346370879669086,0.07855756655794385,66.89397988725874,0.0,191.52690164511594,"cluster_2way(u,v)",0.23684002189262776,0.8956421024432906,48,raw,
ds_wiki-rfa,126919,5.236831448821465,1.4023752483213388,0.0484768877550941,0.0659767491785448,79.37389328852304,0.0,188.0732376279942,"cluster_2way(u,v)",0.23684002189262776,0.8956421024432906,48,raw,
ds_slashdot090221,126919,4.9624707947639175,2.248482880124608,0.040727454932568505,0.06017743575354965,82.46397894199404,0.0,142.94655151516633,"cluster_2way(u,v)",0.23684002189262776,0.8956421024432906,48,raw,
src_out,126919,-0.9742691361938962,-0.9742691361939774,0.011763043404386697,0.02027247117988929,-48.05872592189902,0.0,0.37746813056775513,"cluster_2way(u,v)",0.23684002189262776,0.8956421024432906,48,zscored,0.0
src_in,126919,-0.14928120662921873,-0.14928120662923142,0.010594541402192868,0.01766978494411965,-8.448388426985254,0.0,0.8613268700143486,"cluster_2way(u,v)",0.23684002189262776,0.8956421024432906,48,zscored,0.0
tgt_out,126919,0.008567240492232743,0.008567240492240192,0.010230603487293724,0.012733626957521001,0.6728044194174057,0.5010717257906645,1.0086040443244064,"cluster_2way(u,v)",0.23684002189262776,0.8956421024432906,48,zscored,0.5010717257906645
tgt_in,126919,-0.7929332232461616,-0.7929332232463744,0.011678976721453722,0.0175170495718078,-45.26636863106902,0.0,0.4525155176657566,"cluster_2way(u,v)",0.23684002189262776,0.8956421024432906,48,zscored,0.0
ds_bitcoin-alpha,126919,2.519103666870176,0.3381004397560846,0.10089826649680694,0.1139129827247365,22.114280625566884,0.0,12.417461491787959,"cluster_2way(u,v)",0.23684002189262776,0.8956421024432906,48,zscored,
ds_bitcoin-otc,126919,2.530497728143035,0.4071829651806474,0.07542186820769617,0.08830218459232153,28.657249419433718,0.0,12.559755925185009,"cluster_2way(u,v)",0.23684002189262776,0.8956421024432906,48,zscored,
ds_epinions,126919,2.8994487008093697,1.4404139507673248,0.01838668663665207,0.037080886848512545,78.19253926300519,0.0,18.164128739144275,"cluster_2way(u,v)",0.23684002189262776,0.8956421024432906,48,zscored,
ds_wiki-elec,126919,3.202061481745686,0.5648085241249463,0.05332343219452025,0.06132752446194345,52.21246919452476,0.0,24.583155724157482,"cluster_2way(u,v)",0.23684002189262776,0.8956421024432906,48,zscored,
ds_wiki-rfa,126919,3.1838646532480652,0.852609641413057,0.035446978203297626,0.044238385579493764,71.97063390857356,0.0,24.13986572352278,"cluster_2way(u,v)",0.23684002189262776,0.8956421024432906,48,zscored,
ds_slashdot090221,126919,2.9095039991905183,1.3182888529513626,0.023058963692623658,0.0334138586315888,87.07476832501861,0.0,18.347695837736353,"cluster_2way(u,v)",0.23684002189262776,0.8956421024432906,48,zscored,
src_out,126963,-2.7305612298218844,-1.0195836111958294,0.03276534577369577,0.04643205084948843,-58.80768089854831,0.0,0.06518269692723287,"cluster_2way(u,v)",0.2506722138463736,0.8985137402235297,49,raw,0.0
src_in,126963,-0.44029622713154903,-0.148555797612619,0.03203604433595423,0.04676502326197689,-9.415075550481752,0.0,0.6438456682759841,"cluster_2way(u,v)",0.2506722138463736,0.8985137402235297,49,raw,0.0
tgt_out,126963,0.031302722933929224,0.012025394302731512,0.027059888478416245,0.031821485621682064,0.9836977225412954,0.3252641599494748,1.031797805472606,"cluster_2way(u,v)",0.2506722138463736,0.8985137402235297,49,raw,0.3252641599494748
tgt_in,126963,-2.5758681552993203,-0.8433560044436441,0.03681803172434627,0.05202204475801883,-49.51493481813339,0.0,0.07608773814380648,"cluster_2way(u,v)",0.2506722138463736,0.8985137402235297,49,raw,0.0
ds_bitcoin-alpha,126963,4.717524717005011,0.6365102870917294,0.10543372473675858,0.1156771347119563,40.78182545541052,0.0,111.89094784494698,"cluster_2way(u,v)",0.2506722138463736,0.8985137402235297,49,raw,
ds_bitcoin-otc,126963,4.663147277223769,0.7495728431746165,0.0789832543157176,0.10353909613167554,45.03755056247956,0.0,105.96907192272748,"cluster_2way(u,v)",0.2506722138463736,0.8985137402235297,49,raw,
ds_epinions,126963,5.155572219636376,2.5612795585648214,0.034370326563955736,0.04742892715140502,108.70100863084036,0.0,173.39499839940984,"cluster_2way(u,v)",0.2506722138463736,0.8985137402235297,49,raw,
ds_wiki-elec,126963,5.34952612079858,0.9310512498427106,0.06290700495399545,0.07633216220836316,70.08220343865055,0.0,210.50851861819146,"cluster_2way(u,v)",0.2506722138463736,0.8985137402235297,49,raw,
ds_wiki-rfa,126963,5.513429157435921,1.474497712653763,0.050580154987768154,0.06012569112964693,91.69839138393446,0.0,248.00010199521373,"cluster_2way(u,v)",0.2506722138463736,0.8985137402235297,49,raw,
ds_slashdot090221,126963,5.206717371561221,2.361674604885457,0.04267443599714516,0.054668665293282924,95.24134792076156,0.0,182.49401383148626,"cluster_2way(u,v)",0.2506722138463736,0.8985137402235297,49,raw,
src_out,126963,-1.0195836111958294,-1.0195836111965473,0.01223448469170708,0.017337592566432865,-58.80768089854844,0.0,0.3607451191332559,"cluster_2way(u,v)",0.2506722138463736,0.8985137402235297,49,zscored,0.0
src_in,126963,-0.148555797612619,-0.1485557976125996,0.010808950487007012,0.015778502978132523,-9.41507555048175,0.0,0.8619519109698601,"cluster_2way(u,v)",0.2506722138463736,0.8985137402235297,49,zscored,0.0
tgt_out,126963,0.012025394302731552,0.012025394302734147,0.010395448007118495,0.012224684501317114,0.9836977225412983,0.325264159949473,1.012097990062498,"cluster_2way(u,v)",0.2506722138463736,0.8985137402235297,49,zscored,0.325264159949473
tgt_in,126963,-0.8433560044436441,-0.8433560044435361,0.012054463293334162,0.017032356147519176,-49.514934818133305,0.0,0.4302641294040043,"cluster_2way(u,v)",0.2506722138463736,0.8985137402235297,49,zscored,0.0
ds_bitcoin-alpha,126963,2.5573513735347158,0.34504969334775004,0.10314209105969792,0.11354887484253291,22.522031830620907,0.0,12.901600501234226,"cluster_2way(u,v)",0.2506722138463736,0.8985137402235297,49,zscored,
ds_bitcoin-otc,126963,2.502973933753473,0.40233798685263233,0.07458075200311204,0.10068783789411279,24.858751425228707,0.0,12.218777816844884,"cluster_2way(u,v)",0.2506722138463736,0.8985137402235297,49,zscored,
ds_epinions,126963,2.995398876166081,1.4881090952525409,0.019178431029235558,0.03092954254793225,96.84588356016064,0.0,19.993333163656462,"cluster_2way(u,v)",0.2506722138463736,0.8985137402235297,49,zscored,
ds_wiki-elec,126963,3.1893527773282853,0.555086716555286,0.05311188346438058,0.06336037842053387,50.33670657962292,0.0,24.272712508272715,"cluster_2way(u,v)",0.2506722138463736,0.8985137402235297,49,zscored,
ds_wiki-rfa,126963,3.3532558139656254,0.8967863531839916,0.03677798455046246,0.041782882342406624,80.2542961609499,0.0,28.595684475221674,"cluster_2way(u,v)",0.2506722138463736,0.8985137402235297,49,zscored,
ds_slashdot090221,126963,3.046544028090926,1.381858309249922,0.02406148062791575,0.03137256007280575,97.10855668204523,0.0,21.042496338338747,"cluster_2way(u,v)",0.2506722138463736,0.8985137402235297,49,zscored,
src_out,127029,-2.7802444663374932,-1.0363391824891757,0.03285137829658496,0.04607776264346757,-60.338096010650105,0.0,0.06202334290435333,"cluster_2way(u,v)",0.2515881513465228,0.8983617914019634,50,raw,0.0
src_in,127029,-0.335840611809716,-0.11342204719404991,0.03187757467582364,0.046767677443414715,-7.181041055888595,6.918909889463976e-13,0.7147370173774661,"cluster_2way(u,v)",0.2515881513465228,0.8983617914019634,50,raw,9.225213185951968e-13
tgt_out,127029,-0.014691506737485394,-0.005643633849862794,0.027032489211189274,0.0320052298525549,-0.45903456419990707,0.646209345360719,0.9854158868796858,"cluster_2way(u,v)",0.2515881513465228,0.8983617914019634,50,raw,0.646209345360719
tgt_in,127029,-2.52091127679016,-0.8254680392857505,0.03670004995206504,0.05375132508037618,-46.89951871922331,0.0,0.08038631917506064,"cluster_2way(u,v)",0.2515881513465228,0.8983617914019634,50,raw,0.0
ds_bitcoin-alpha,127029,4.635795171581338,0.6241500147414466,0.10288292411284303,0.10135267608808174,45.739247847314324,0.0,103.10987544850396,"cluster_2way(u,v)",0.2515881513465228,0.8983617914019634,50,raw,
ds_bitcoin-otc,127029,4.657304225794523,0.7466055616072602,0.07965417683508329,0.1032134797995541,45.12302302799255,0.0,105.35169462572414,"cluster_2way(u,v)",0.2515881513465228,0.8983617914019634,50,raw,
ds_epinions,127029,5.160400315959326,2.563667653925631,0.034446025684345405,0.04880214507953879,105.74126009315358,0.0,174.23419037327594,"cluster_2way(u,v)",0.2515881513465228,0.8983617914019634,50,raw,
ds_wiki-elec,127029,5.388558846253092,0.9406885694327588,0.06334127571041173,0.07474077280358726,72.09664342665805,0.0,218.88770729861548,"cluster_2way(u,v)",0.2515881513465228,0.8983617914019634,50,raw,
ds_wiki-rfa,127029,5.422093173733183,1.4506698071399617,0.05005435319219887,0.061209478944587045,88.58257360174238,0.0,226.35242192427964,"cluster_2way(u,v)",0.2515881513465228,0.8983617914019634,50,raw,
ds_slashdot090221,127029,5.12211317862437,2.3231665623667,0.04223444579452006,0.05665679261510736,90.40598562331209,0.0,167.6893530306489,"cluster_2way(u,v)",0.2515881513465228,0.8983617914019634,50,raw,
src_out,127029,-1.036339182489176,-1.036339182489365,0.012245387389395387,0.01717553670083084,-60.33809601065011,0.0,0.3547509863670053,"cluster_2way(u,v)",0.2515881513465228,0.8983617914019634,50,zscored,0.0
src_in,127029,-0.11342204719405002,-0.11342204719402886,0.010765880159132423,0.015794652378576978,-7.181041055888613,6.918909889463976e-13,0.89277378792057,"cluster_2way(u,v)",0.2515881513465228,0.8983617914019634,50,zscored,9.225213185951968e-13
tgt_out,127029,-0.005643633849862849,-0.005643633849861875,0.010384331157066263,0.012294572762074235,-0.4590345641999115,0.6462093453607158,0.9943722615350175,"cluster_2way(u,v)",0.2515881513465228,0.8983617914019634,50,zscored,0.6462093453607158
tgt_in,127029,-0.8254680392857506,-0.8254680392855531,0.01201736790760605,0.017600778469127623,-46.899518719223146,0.0,0.43802992926464535,"cluster_2way(u,v)",0.2515881513465228,0.8983617914019634,50,zscored,0.0
ds_bitcoin-alpha,127029,2.50666566034285,0.33749019336442804,0.10066618460937962,0.09793299098468523,25.59572249493373,0.0,12.263969570273957,"cluster_2way(u,v)",0.2515881513465228,0.8983617914019634,50,zscored,
ds_bitcoin-otc,127029,2.5281747145560356,0.4052879543810289,0.07552682184323009,0.09968760906276065,25.36097252532523,0.0,12.530613303979333,"cluster_2way(u,v)",0.2515881513465228,0.8983617914019634,50,zscored,
ds_epinions,127029,3.031270804720839,1.505924043977441,0.019378550698201644,0.03264549521027197,92.85418356181172,0.0,20.72355144979647,"cluster_2way(u,v)",0.2515881513465228,0.8983617914019634,50,zscored,
ds_wiki-elec,127029,3.259429335014605,0.5690033283118101,0.053751747339211786,0.06054510863239576,53.834726018983275,0.0,26.03467582460555,"cluster_2way(u,v)",0.2515881513465228,0.8983617914019634,50,zscored,
ds_wiki-rfa,127029,3.2929636624946954,0.8810256128263934,0.03642973935475263,0.04229629833073389,77.85465377479426,0.0,26.922534845108835,"cluster_2way(u,v)",0.2515881513465228,0.8983617914019634,50,zscored,
ds_slashdot090221,127029,2.9929836673858827,1.3574865168535653,0.0238109840316173,0.032518312770670396,92.03994341567986,0.0,19.945103355826483,"cluster_2way(u,v)",0.2515881513465228,0.8983617914019634,50,zscored,
src_out,127150,-2.5728735598599872,-0.9581445153570276,0.031242140060413558,0.049675231777192734,-51.79389139843459,0.0,0.07631593164051435,"cluster_2way(u,v)",0.23604964878488954,0.8938497837200158,51,raw,0.0
src_in,127150,-0.4713452747583996,-0.15926214870044694,0.031094980599426027,0.0496029019095099,-9.50237297846546,0.0,0.624162033807072,"cluster_2way(u,v)",0.23604964878488954,0.8938497837200158,51,raw,0.0
tgt_out,127150,0.06922473993827559,0.026614727518653257,0.026420408216133427,0.03182692338019417,2.175037125371471,0.029627334423379947,1.0716770307159549,"cluster_2way(u,v)",0.23604964878488954,0.8938497837200158,51,raw,0.029627334423379947
tgt_in,127150,-2.4245231259376516,-0.7926076857122373,0.03548432289353625,0.05320802340110248,-45.566870764220404,0.0,0.0885203220240978,"cluster_2way(u,v)",0.23604964878488954,0.8938497837200158,51,raw,0.0
ds_bitcoin-alpha,127150,4.441044424628792,0.5963988852257913,0.09812746679374232,0.10482951843599439,42.364445538690084,0.0,84.86352896413773,"cluster_2way(u,v)",0.23604964878488954,0.8938497837200158,51,raw,
ds_bitcoin-otc,127150,4.58056153597342,0.7341759801861895,0.07930370727137918,0.09616354839051978,47.63303364567807,0.0,97.5691674244542,"cluster_2way(u,v)",0.23604964878488954,0.8938497837200158,51,raw,
ds_epinions,127150,4.929848078079242,2.449263674138534,0.03248599947535895,0.054457997356613365,90.52569535006162,0.0,138.35849105548985,"cluster_2way(u,v)",0.23604964878488954,0.8938497837200158,51,raw,
ds_wiki-elec,127150,5.175388806586371,0.9130517493446565,0.06139418067369812,0.07739079947695601,66.87343768980448,0.0,176.8653673294649,"cluster_2way(u,v)",0.23604964878488954,0.8938497837200158,51,raw,
ds_wiki-rfa,127150,5.23141822984208,1.3988499801556515,0.048476011212415515,0.06320246168714162,82.77238085658931,0.0,187.05790659251525,"cluster_2way(u,v)",0.23604964878488954,0.8938497837200158,51,raw,
ds_slashdot090221,127150,4.8895599860576,2.21711857580404,0.04015899524042802,0.05680910721767145,86.07000225021348,0.0,132.89508549384237,"cluster_2way(u,v)",0.23604964878488954,0.8938497837200158,51,raw,
src_out,127150,-0.9581445153570278,-0.9581445153567699,0.011634650693262338,0.018499179912671835,-51.793891398434596,0.0,0.38360399736905837,"cluster_2way(u,v)",0.23604964878488954,0.8938497837200158,51,zscored,0.0
src_in,127150,-0.15926214870044697,-0.15926214870043315,0.0105066364070409,0.01676025020922366,-9.50237297846546,0.0,0.8527727763893636,"cluster_2way(u,v)",0.23604964878488954,0.8938497837200158,51,zscored,0.0
tgt_out,127150,0.026614727518653257,0.026614727518636434,0.01015781303376457,0.012236447464825584,2.1750371253714706,0.02962733442338017,1.0269720624596825,"cluster_2way(u,v)",0.23604964878488954,0.8938497837200158,51,zscored,0.02962733442338017
tgt_in,127150,-0.7926076857122374,-0.792607685712561,0.0116002799671521,0.01739438483308364,-45.56687076422039,0.0,0.45266285243163695,"cluster_2way(u,v)",0.23604964878488954,0.8938497837200158,51,zscored,0.0
ds_bitcoin-alpha,127150,2.3982939171988598,0.322072846362205,0.09609743768508748,0.10162813562195892,23.598720005256666,0.0,11.004385962567007,"cluster_2way(u,v)",0.23604964878488954,0.8938497837200158,51,zscored,
ds_bitcoin-otc,127150,2.5378110285434876,0.4067623335644778,0.07546982980165705,0.09083623039829282,27.9383129112234,0.0,12.651945888777993,"cluster_2way(u,v)",0.23604964878488954,0.8938497837200158,51,zscored,
ds_epinions,127150,2.88709757064931,1.4343775084931332,0.01822030381720361,0.036093102257227755,79.99028595751034,0.0,17.941161007061066,"cluster_2way(u,v)",0.23604964878488954,0.8938497837200158,51,zscored,
ds_wiki-elec,127150,3.1326382991564388,0.5526658935206555,0.05236636208435667,0.062364391794608065,50.23120099484851,0.0,22.93440762199627,"cluster_2way(u,v)",0.23604964878488954,0.8938497837200158,51,zscored,
ds_wiki-rfa,127150,3.188667722412148,0.8526306986459096,0.0355802266973146,0.042202491416446136,75.55638578175358,0.0,24.256090061535442,"cluster_2way(u,v)",0.23604964878488954,0.8938497837200158,51,zscored,
ds_slashdot090221,127150,2.8468094786276676,1.2908552497235,0.022613614714142333,0.031482283122789174,90.42576319907812,0.0,17.232712699475243,"cluster_2way(u,v)",0.23604964878488954,0.8938497837200158,51,zscored,
