dataset,seed,k,auc,max_occ
bitcoin-alpha,42,1,0.9119707003812964,3314
bitcoin-alpha,42,2,0.9169203864568103,3314
bitcoin-alpha,42,4,0.9179438662882371,3314
bitcoin-alpha,42,8,0.9180872108024425,3314
bitcoin-alpha,42,16,0.9166996359049339,3314
bitcoin-alpha,42,32,0.9179868696424988,3314
bitcoin-alpha,42,64,0.9183423640377282,3314
bitcoin-alpha,42,128,0.9183738998308534,3314
bitcoin-alpha,42,256,0.9184828416616495,3314
bitcoin-alpha,42,512,0.9184742409907973,3314
bitcoin-alpha,42,1024,0.9184713741005133,3314
bitcoin-alpha,43,1,0.902737880221324,1089
bitcoin-alpha,43,2,0.9033055244975776,1089
bitcoin-alpha,43,4,0.9018090077692726,1089
bitcoin-alpha,43,8,0.9063616295404373,1089
bitcoin-alpha,43,16,0.9082337088959607,1089
bitcoin-alpha,43,32,0.9090307043949429,1089
bitcoin-alpha,43,64,0.9091969840314211,1089
bitcoin-alpha,43,128,0.9087956193916459,1089
bitcoin-alpha,43,256,0.9085892032911901,1089
bitcoin-alpha,43,512,0.9085461999369284,1089
bitcoin-alpha,43,1024,0.908563401278633,1089
bitcoin-alpha,44,1,0.9213525988360425,3999
bitcoin-alpha,44,2,0.9121527479143372,3999
bitcoin-alpha,44,4,0.9190074825836416,3999
bitcoin-alpha,44,8,0.9171153349961296,3999
bitcoin-alpha,44,16,0.9228290473323586,3999
bitcoin-alpha,44,32,0.9218457039649093,3999
bitcoin-alpha,44,64,0.9202201771738197,3999
bitcoin-alpha,44,128,0.9202287778446719,3999
bitcoin-alpha,44,256,0.9201714400389898,3999
bitcoin-alpha,44,512,0.9202087096126831,3999
bitcoin-alpha,44,1024,0.9201714400389898,3999
bitcoin-alpha,45,1,0.9313840864383411,4197
bitcoin-alpha,45,2,0.9309139366249588,4197
bitcoin-alpha,45,4,0.9323416921932057,4197
bitcoin-alpha,45,8,0.932785882814438,4197
bitcoin-alpha,45,16,0.9328262637800045,4197
bitcoin-alpha,45,32,0.9338704001753688,4197
bitcoin-alpha,45,64,0.9322176649418227,4197
bitcoin-alpha,45,128,0.933192576824787,4197
bitcoin-alpha,45,256,0.93340313471667,4197
bitcoin-alpha,45,512,0.9333800598792032,4197
bitcoin-alpha,45,1024,0.9333800598792032,4197
bitcoin-alpha,46,1,0.9198697425425009,4089
bitcoin-alpha,46,2,0.9237203560447421,4089
bitcoin-alpha,46,4,0.9271296632804342,4089
bitcoin-alpha,46,8,0.9253327103127218,4089
bitcoin-alpha,46,16,0.9249289006570559,4089
bitcoin-alpha,46,32,0.9258490098010372,4089
bitcoin-alpha,46,64,0.9266768195951519,4089
bitcoin-alpha,46,128,0.9268123842652685,4089
bitcoin-alpha,46,256,0.9268354591027349,4089
bitcoin-alpha,46,512,0.9269219897432348,4089
bitcoin-alpha,46,1024,0.9269219897432348,4089
bitcoin-alpha,47,1,0.9178881908750555,3455
bitcoin-alpha,47,2,0.9067776566348811,3455
bitcoin-alpha,47,4,0.9132991825738828,3455
bitcoin-alpha,47,8,0.9116406786309699,3455
bitcoin-alpha,47,16,0.9106946102948388,3455
bitcoin-alpha,47,32,0.9122925427894018,3455
bitcoin-alpha,47,64,0.9116522160497033,3455
bitcoin-alpha,47,128,0.9114878078327536,3455
bitcoin-alpha,47,256,0.9119377671633526,3455
bitcoin-alpha,47,512,0.9119666107101858,3455
bitcoin-alpha,47,1024,0.9119666107101858,3455
bitcoin-alpha,48,1,0.8970356354462314,4304
bitcoin-alpha,48,2,0.9018806800263754,4304
bitcoin-alpha,48,4,0.9017029328287607,4304
bitcoin-alpha,48,8,0.8999283277428972,4304
bitcoin-alpha,48,16,0.9021272325908087,4304
bitcoin-alpha,48,32,0.902213239299332,4304
bitcoin-alpha,48,64,0.9017201341704653,4304
bitcoin-alpha,48,128,0.9024110547289355,4304
bitcoin-alpha,48,256,0.9022877784467188,4304
bitcoin-alpha,48,512,0.9022648433244459,4304
bitcoin-alpha,48,1024,0.9021931710673432,4304
bitcoin-alpha,49,1,0.912198618158883,4350
bitcoin-alpha,49,2,0.9087812849402253,4350
bitcoin-alpha,49,4,0.9113872882084804,4350
bitcoin-alpha,49,8,0.9120925432183711,4350
bitcoin-alpha,49,16,0.9132937702474127,4350
bitcoin-alpha,49,32,0.9139990252573035,4350
bitcoin-alpha,49,64,0.9145724033141251,4350
bitcoin-alpha,49,128,0.9145007310570223,4350
bitcoin-alpha,49,256,0.9147960207562857,4350
bitcoin-alpha,49,512,0.9147214816088989,4350
bitcoin-alpha,49,1024,0.9147128809380465,4350
bitcoin-alpha,50,1,0.8552707777873341,4116
bitcoin-alpha,50,2,0.8579369857515553,4116
bitcoin-alpha,50,4,0.8689945815773631,4116
bitcoin-alpha,50,8,0.8695650927439007,4116
bitcoin-alpha,50,16,0.8716120524067545,4116
bitcoin-alpha,50,32,0.8727072044952839,4116
bitcoin-alpha,50,64,0.8728620165706259,4116
bitcoin-alpha,50,128,0.8719876150339725,4116
bitcoin-alpha,50,256,0.8718442705197673,4116
bitcoin-alpha,50,512,0.871918809667154,4116
bitcoin-alpha,50,1024,0.8719274103380064,4116
bitcoin-alpha,51,1,0.9152346549697543,1753
bitcoin-alpha,51,2,0.9207734869986526,1753
bitcoin-alpha,51,4,0.9188641380694361,1753
bitcoin-alpha,51,8,0.9229293884923024,1753
bitcoin-alpha,51,16,0.9233680227057711,1753
bitcoin-alpha,51,32,0.9245893179668014,1753
bitcoin-alpha,51,64,0.9239385338723087,1753
bitcoin-alpha,51,128,0.9250308190705541,1753
bitcoin-alpha,51,256,0.9247555976032797,1753
bitcoin-alpha,51,512,0.9249591468134515,1753
bitcoin-alpha,51,1024,0.9249562799231674,1753
bitcoin-otc,42,1,0.9326017013111833,3274
bitcoin-otc,42,2,0.932056431689129,3274
bitcoin-otc,42,4,0.9363044624655981,3274
bitcoin-otc,42,8,0.9365274676839204,3274
bitcoin-otc,42,16,0.9350687511970133,3274
bitcoin-otc,42,32,0.9351343409671081,3274
bitcoin-otc,42,64,0.9355313777087482,3274
bitcoin-otc,42,128,0.9358943077699389,3274
bitcoin-otc,42,256,0.9360132438863775,3274
bitcoin-otc,42,512,0.9360053731139661,3274
bitcoin-otc,42,1024,0.9360062476442341,3274
bitcoin-otc,43,1,0.9291228199053582,16486
bitcoin-otc,43,2,0.9299475019480161,16486
bitcoin-otc,43,4,0.9313721117544738,16486
bitcoin-otc,43,8,0.9302518384812557,16486
bitcoin-otc,43,16,0.9311875858679406,16486
bitcoin-otc,43,32,0.9313773589360815,16486
bitcoin-otc,43,64,0.9321889230247202,16486
bitcoin-otc,43,128,0.9325492294951074,16486
bitcoin-otc,43,256,0.9322580109158869,16486
bitcoin-otc,43,512,0.9323480875334834,16486
bitcoin-otc,43,1024,0.9323358441097324,16486
bitcoin-otc,44,1,0.930311306539475,4748
bitcoin-otc,44,2,0.9333284359638329,4748
bitcoin-otc,44,4,0.933565433666442,4748
bitcoin-otc,44,8,0.9360963242618309,4748
bitcoin-otc,44,16,0.9341067679022905,4748
bitcoin-otc,44,32,0.9353853311540039,4748
bitcoin-otc,44,64,0.9364723722770407,4748
bitcoin-otc,44,128,0.9367084954493818,4748
bitcoin-otc,44,256,0.9368073173696578,4748
bitcoin-otc,44,512,0.9368081918999257,4748
bitcoin-otc,44,1024,0.9368073173696576,4748
bitcoin-otc,45,1,0.9403675300904001,4897
bitcoin-otc,45,2,0.9414519476226331,4897
bitcoin-otc,45,4,0.9440528006394565,4897
bitcoin-otc,45,8,0.9418428626523978,4897
bitcoin-otc,45,16,0.9437891297636758,4897
bitcoin-otc,45,32,0.9434318841492262,4897
bitcoin-otc,45,64,0.9433969029385092,4897
bitcoin-otc,45,128,0.9434589945875322,4897
bitcoin-otc,45,256,0.943524584357627,4897
bitcoin-otc,45,512,0.9435018465706606,4897
bitcoin-otc,45,1024,0.9434948503285172,4897
bitcoin-otc,46,1,0.9291088274210714,4491
bitcoin-otc,46,2,0.9269006384945486,4491
bitcoin-otc,46,4,0.9255923412137256,4491
bitcoin-otc,46,8,0.9293222128064463,4491
bitcoin-otc,46,16,0.9295347236615532,4491
bitcoin-otc,46,32,0.9301818760598213,4491
bitcoin-otc,46,64,0.9296763975649579,4491
bitcoin-otc,46,128,0.9305010796076156,4491
bitcoin-otc,46,256,0.9303165537210826,4491
bitcoin-otc,46,512,0.9303252990237618,4491
bitcoin-otc,46,1024,0.9303261735540297,4491
bitcoin-otc,47,1,0.9176384884269038,12036
bitcoin-otc,47,2,0.9197259921764522,12036
bitcoin-otc,47,4,0.9200565646177297,12036
bitcoin-otc,47,8,0.9210972556365661,12036
bitcoin-otc,47,16,0.9209372165975349,12036
bitcoin-otc,47,32,0.9228025896590294,12036
bitcoin-otc,47,64,0.922398556675246,12036
bitcoin-otc,47,128,0.9225052493679331,12036
bitcoin-otc,47,256,0.9225402305786504,12036
bitcoin-otc,47,512,0.9225096220192729,12036
bitcoin-otc,47,1024,0.9225043748376653,12036
bitcoin-otc,48,1,0.9158317088933606,16275
bitcoin-otc,48,2,0.918756138109318,16275
bitcoin-otc,48,4,0.9204920806911587,16275
bitcoin-otc,48,8,0.919765346038509,16275
bitcoin-otc,48,16,0.9194548877933939,16275
bitcoin-otc,48,32,0.9217120504149209,16275
bitcoin-otc,48,64,0.9221187069895083,16275
bitcoin-otc,48,128,0.9216036086616977,16275
bitcoin-otc,48,256,0.9218012525022499,16275
bitcoin-otc,48,512,0.9217846364271591,16275
bitcoin-otc,48,1024,0.9217942562601064,16275
bitcoin-otc,49,1,0.9264423846341534,16053
bitcoin-otc,49,2,0.9266863785789058,16053
bitcoin-otc,49,4,0.930696099857364,16053
bitcoin-otc,49,8,0.9286925510135368,16053
bitcoin-otc,49,16,0.929800580863004,16053
bitcoin-otc,49,32,0.9312557992288392,16053
bitcoin-otc,49,64,0.9307485716734398,16053
bitcoin-otc,49,128,0.9305745401501219,16053
bitcoin-otc,49,256,0.9305780382711937,16053
bitcoin-otc,49,512,0.9305701674987823,16053
bitcoin-otc,49,1024,0.930572791089586,16053
bitcoin-otc,50,1,0.9304521059126117,29068
bitcoin-otc,50,2,0.9320393783489043,29068
bitcoin-otc,50,4,0.9307984198987119,29068
bitcoin-otc,50,8,0.9351544551632703,29068
bitcoin-otc,50,16,0.9341513689459549,29068
bitcoin-otc,50,32,0.9335479430610834,29068
bitcoin-otc,50,64,0.9343918647696356,29068
bitcoin-otc,50,128,0.9339790864831727,29068
bitcoin-otc,50,256,0.9337919370058358,29068
bitcoin-otc,50,512,0.9338059294901226,29068
bitcoin-otc,50,1024,0.9338068040203906,29068
bitcoin-otc,51,1,0.925736638707934,12786
bitcoin-otc,51,2,0.92783157596476,12786
bitcoin-otc,51,4,0.9278722416222185,12786
bitcoin-otc,51,8,0.9292128965229552,12786
bitcoin-otc,51,16,0.930035829505077,12786
bitcoin-otc,51,32,0.9294533923466359,12786
bitcoin-otc,51,64,0.9295810737657535,12786
bitcoin-otc,51,128,0.9296519107174559,12786
bitcoin-otc,51,256,0.9297962082116642,12786
bitcoin-otc,51,512,0.9297463599863922,12786
bitcoin-otc,51,1024,0.9297454854561243,12786
epinions,42,1,0.9507748508018897,7134
epinions,42,2,0.9519204585559755,7134
epinions,42,4,0.9520651684052888,7134
epinions,42,8,0.9526611821570445,7134
epinions,42,16,0.9526369543820246,7134
epinions,42,32,0.952685117895311,7134
epinions,42,64,0.9526976619450664,7134
epinions,42,128,0.9526976935166074,7134
epinions,42,256,0.9526980329106728,7134
epinions,42,512,0.9526981546866163,7134
epinions,42,1024,0.9526982020439277,7134
epinions,43,1,0.9483881155965497,26469
epinions,43,2,0.9500316804063964,26469
epinions,43,4,0.9509890840032795,26469
epinions,43,8,0.951109739721048,26469
epinions,43,16,0.9513147416293727,26469
epinions,43,32,0.9513593488340811,26469
epinions,43,64,0.9513551791355648,26469
epinions,43,128,0.9513528022495525,26469
epinions,43,256,0.9513522587680259,26469
epinions,43,512,0.9513528360762035,26469
epinions,43,1024,0.9513533310728637,26469
epinions,44,1,0.9530739451008631,12424
epinions,44,2,0.954584479276441,12424
epinions,44,4,0.9548968960237675,12424
epinions,44,8,0.9549708478482412,12424
epinions,44,16,0.9553236569995581,12424
epinions,44,32,0.9553635420037832,12424
epinions,44,64,0.9553683487708942,12424
epinions,44,128,0.9553642636390053,12424
epinions,44,256,0.9553633796358584,12424
epinions,44,512,0.955363169910622,12424
epinions,44,1024,0.955363308599891,12424
epinions,45,1,0.9490848859748301,9850
epinions,45,2,0.9503698595311446,9850
epinions,45,4,0.9511385577726124,9850
epinions,45,8,0.9512817893972755,9850
epinions,45,16,0.9513284555174764,9850
epinions,45,32,0.9514265370196822,9850
epinions,45,64,0.9514305409676087,9850
epinions,45,128,0.9514153663319582,9850
epinions,45,256,0.951416673168243,9850
epinions,45,512,0.9514186362415576,9850
epinions,45,1024,0.951418985783618,9850
epinions,46,1,0.9496730705482059,32690
epinions,46,2,0.9508072888688915,32690
epinions,46,4,0.9511916261502974,32690
epinions,46,8,0.9516659028590073,32690
epinions,46,16,0.9517874983938966,32690
epinions,46,32,0.9518109019261867,32690
epinions,46,64,0.9517976306034338,32690
epinions,46,128,0.9517980252476959,32690
epinions,46,256,0.9518058628827387,32690
epinions,46,512,0.9518006659815861,32690
epinions,46,1024,0.9518008148188506,32690
epinions,47,1,0.952850181804324,23416
epinions,47,2,0.9531860736836851,23416
epinions,47,4,0.9541026287805665,23416
epinions,47,8,0.9542694606958733,23416
epinions,47,16,0.9543566032229147,23416
epinions,47,32,0.9544458243976618,23416
epinions,47,64,0.9544597824014303,23416
epinions,47,128,0.9544483771822591,23416
epinions,47,256,0.9544545776073923,23416
epinions,47,512,0.9544550094609704,23416
epinions,47,1024,0.954455356747921,23416
epinions,48,1,0.9507643560834088,24104
epinions,48,2,0.9524204514123507,24104
epinions,48,4,0.9533027068488688,24104
epinions,48,8,0.9533775003931757,24104
epinions,48,16,0.9534460021803914,24104
epinions,48,32,0.9534387745526222,24104
epinions,48,64,0.9534715728734572,24104
epinions,48,128,0.953473833621301,24104
epinions,48,256,0.9534714713935043,24104
epinions,48,512,0.9534714398219634,24104
epinions,48,1024,0.953471328194015,24104
epinions,49,1,0.9507012180754906,27956
epinions,49,2,0.9516563761465232,27956
epinions,49,4,0.9525073346017343,27956
epinions,49,8,0.9527382138980944,27956
epinions,49,16,0.9527181699160285,27956
epinions,49,32,0.9527525338470288,27956
epinions,49,64,0.9527405614676756,27956
epinions,49,128,0.9527403337015585,27956
epinions,49,256,0.952740970770153,27956
epinions,49,512,0.9527402728135866,27956
epinions,49,1024,0.9527403923344203,27956
epinions,50,1,0.9510700311791855,12369
epinions,50,2,0.9519751105847062,12369
epinions,50,4,0.952675323388506,12369
epinions,50,8,0.9529749418224168,12369
epinions,50,16,0.9531498256082227,12369
epinions,50,32,0.9531316826839449,12369
epinions,50,64,0.9531323039667687,12369
epinions,50,128,0.9531377816291249,12369
epinions,50,256,0.953132311859654,12369
epinions,50,512,0.9531360666179178,12369
epinions,50,1024,0.9531359098877681,12369
epinions,51,1,0.9500719420140029,10479
epinions,51,2,0.9510859409807182,10479
epinions,51,4,0.9514089065691673,10479
epinions,51,8,0.9515417331159749,10479
epinions,51,16,0.9517102349402873,10479
epinions,51,32,0.9517380077483348,10479
epinions,51,64,0.9517609083910799,10479
epinions,51,128,0.9517451124726056,10479
epinions,51,256,0.9517464407324358,10479
epinions,51,512,0.9517474374910859,10479
epinions,51,1024,0.9517473540520135,10479
slashdot090221,42,1,0.8898619751520833,43823
slashdot090221,42,2,0.8942986727664062,43823
slashdot090221,42,4,0.8963873806825835,43823
slashdot090221,42,8,0.8973801679639475,43823
slashdot090221,42,16,0.8977391897631037,43823
slashdot090221,42,32,0.8979046966358898,43823
slashdot090221,42,64,0.8979956846693544,43823
slashdot090221,42,128,0.8979959954803831,43823
slashdot090221,42,256,0.897999331013374,43823
slashdot090221,42,512,0.8980011162816,43823
slashdot090221,42,1024,0.8980009305530584,43823
slashdot090221,43,1,0.8845571273740969,21628
slashdot090221,43,2,0.8894754598432113,21628
slashdot090221,43,4,0.8916212963426162,21628
slashdot090221,43,8,0.8930510971966656,21628
slashdot090221,43,16,0.8933449889237942,21628
slashdot090221,43,32,0.8934531814848112,21628
slashdot090221,43,64,0.8935166930652624,21628
slashdot090221,43,128,0.8935284053345149,21628
slashdot090221,43,256,0.893531780666479,21628
slashdot090221,43,512,0.8935297603947925,21628
slashdot090221,43,1024,0.8935306056491754,21628
slashdot090221,44,1,0.8872663647711134,44294
slashdot090221,44,2,0.8914741718574697,44294
slashdot090221,44,4,0.8943465092369891,44294
slashdot090221,44,8,0.8952466890457176,44294
slashdot090221,44,16,0.8956832724104549,44294
slashdot090221,44,32,0.8958526596831271,44294
slashdot090221,44,64,0.8958798802855984,44294
slashdot090221,44,128,0.895876760804176,44294
slashdot090221,44,256,0.8958799560931664,44294
slashdot090221,44,512,0.895881549947283,44294
slashdot090221,44,1024,0.8958808013475492,44294
slashdot090221,45,1,0.8887558129148365,20573
slashdot090221,45,2,0.8926790270198716,20573
slashdot090221,45,4,0.8952662957255804,20573
slashdot090221,45,8,0.8963333270438321,20573
slashdot090221,45,16,0.8967434611481021,20573
slashdot090221,45,32,0.8968357682332495,20573
slashdot090221,45,64,0.8968967269938493,20573
slashdot090221,45,128,0.8969302964801387,20573
slashdot090221,45,256,0.896927696280557,20573
slashdot090221,45,512,0.8969287424249951,20573
slashdot090221,45,1024,0.8969269003010933,20573
slashdot090221,46,1,0.8892962431717566,22258
slashdot090221,46,2,0.894127842307159,22258
slashdot090221,46,4,0.8965732570488851,22258
slashdot090221,46,8,0.8974627261958532,22258
slashdot090221,46,16,0.8978989807452644,22258
slashdot090221,46,32,0.8980786825851543,22258
slashdot090221,46,64,0.89807159078717,22258
slashdot090221,46,128,0.8980694681752666,22258
slashdot090221,46,256,0.898076559973251,22258
slashdot090221,46,512,0.898074604137997,22258
slashdot090221,46,1024,0.8980748656741067,22258
slashdot090221,47,1,0.8871733052958539,29669
slashdot090221,47,2,0.8918005660793684,29669
slashdot090221,47,4,0.8943649456375212,29669
slashdot090221,47,8,0.8951584831499979,29669
slashdot090221,47,16,0.8957818838424743,29669
slashdot090221,47,32,0.8959981381964535,29669
slashdot090221,47,64,0.8959711241696047,29669
slashdot090221,47,128,0.8959938664399981,29669
slashdot090221,47,256,0.8959953844865468,29669
slashdot090221,47,512,0.8959942985431354,29669
slashdot090221,47,1024,0.8959974616139093,29669
slashdot090221,48,1,0.8893815806986229,29616
slashdot090221,48,2,0.8940635953932985,29616
slashdot090221,48,4,0.8963927421728287,29616
slashdot090221,48,8,0.8974483549761539,29616
slashdot090221,48,16,0.8978070744926326,29616
slashdot090221,48,32,0.8979128004649066,29616
slashdot090221,48,64,0.8979924476862018,29616
slashdot090221,48,128,0.8980195830051592,29616
slashdot090221,48,256,0.8980149644290802,29616
slashdot090221,48,512,0.8980159783553018,29616
slashdot090221,48,1024,0.8980162493673575,29616
slashdot090221,49,1,0.8877739191809908,29955
slashdot090221,49,2,0.8914748948721495,29955
slashdot090221,49,4,0.8935181371994324,29955
slashdot090221,49,8,0.8945253298139012,29955
slashdot090221,49,16,0.8946171214075864,29955
slashdot090221,49,32,0.8948814756634471,29955
slashdot090221,49,64,0.8949714327139873,29955
slashdot090221,49,128,0.8949749293380602,29955
slashdot090221,49,256,0.8949648848353032,29955
slashdot090221,49,512,0.8949619074930709,29955
slashdot090221,49,1024,0.8949619453968549,29955
slashdot090221,50,1,0.8893768503063813,12041
slashdot090221,50,2,0.8936764641479364,12041
slashdot090221,50,4,0.8959627995510464,12041
slashdot090221,50,8,0.8969450656895699,12041
slashdot090221,50,16,0.8974343713226459,12041
slashdot090221,50,32,0.8975677073587719,12041
slashdot090221,50,64,0.8976446112937007,12041
slashdot090221,50,128,0.8976463548677642,12041
slashdot090221,50,256,0.8976489797048055,12041
slashdot090221,50,512,0.897650846466167,12041
slashdot090221,50,1024,0.897650164198055,12041
slashdot090221,51,1,0.8898132403618201,23510
slashdot090221,51,2,0.8945800136030616,23510
slashdot090221,51,4,0.8968818526014175,23510
slashdot090221,51,8,0.8977406414780305,23510
slashdot090221,51,16,0.8980755924791646,23510
slashdot090221,51,32,0.8981744398622391,23510
slashdot090221,51,64,0.8982109753196259,23510
slashdot090221,51,128,0.8982145818646722,23510
slashdot090221,51,256,0.8982089057730199,23510
slashdot090221,51,512,0.8982140455261287,23510
slashdot090221,51,1024,0.8982115912561156,23510
wiki-elec,42,1,0.9033449734262047,1685
wiki-elec,42,2,0.905930980284217,1685
wiki-elec,42,4,0.9066133631918307,1685
wiki-elec,42,8,0.9070340277304558,1685
wiki-elec,42,16,0.9073979058967414,1685
wiki-elec,42,32,0.9075193285223027,1685
wiki-elec,42,64,0.9074987295441012,1685
wiki-elec,42,128,0.907500399731523,1685
wiki-elec,42,256,0.907496725319195,1685
wiki-elec,42,512,0.9074984511795309,1685
wiki-elec,42,1024,0.9074981171420465,1685
wiki-elec,43,1,0.899104423235291,350
wiki-elec,43,2,0.9005199627481397,350
wiki-elec,43,4,0.9017363045744874,350
wiki-elec,43,8,0.9017924785447723,350
wiki-elec,43,16,0.9019275967071921,350
wiki-elec,43,32,0.9019098370476075,350
wiki-elec,43,64,0.9019778136756726,350
wiki-elec,43,128,0.9019643408304707,350
wiki-elec,43,256,0.9019525381726903,350
wiki-elec,43,512,0.9019526495185184,350
wiki-elec,44,1,0.8943344514681393,327
wiki-elec,44,2,0.8976623277424367,327
wiki-elec,44,4,0.899167333628177,327
wiki-elec,44,8,0.8991222942407039,327
wiki-elec,44,16,0.899200514684956,327
wiki-elec,44,32,0.8991980650767374,327
wiki-elec,44,64,0.8991747937986609,327
wiki-elec,44,128,0.8991847035773632,327
wiki-elec,44,256,0.8991902151958552,327
wiki-elec,44,512,0.8991905492333395,327
wiki-elec,45,1,0.8969564508650902,1581
wiki-elec,45,2,0.9007873040814482,1581
wiki-elec,45,4,0.9019939588207496,1581
wiki-elec,45,8,0.902298545333563,1581
wiki-elec,45,16,0.9026084207732121,1581
wiki-elec,45,32,0.9025513560363023,1581
wiki-elec,45,64,0.9025814194098938,1581
wiki-elec,45,128,0.9025877104491824,1581
wiki-elec,45,256,0.9025911621698541,1581
wiki-elec,45,512,0.9025892692907761,1581
wiki-elec,45,1024,0.90258904659912,1581
wiki-elec,46,1,0.9024798720146513,663
wiki-elec,46,2,0.9044521963409979,663
wiki-elec,46,4,0.9062775441742303,663
wiki-elec,46,8,0.9069987867758569,663
wiki-elec,46,16,0.9069877635388732,663
wiki-elec,46,32,0.9069839777807174,663
wiki-elec,46,64,0.9069623210171487,663
wiki-elec,46,128,0.9069601497735003,663
wiki-elec,46,256,0.9069614859234377,663
wiki-elec,46,512,0.9069613189046956,663
wiki-elec,46,1024,0.9069615415963518,663
wiki-elec,47,1,0.9007250617635307,413
wiki-elec,47,2,0.9030330380887355,413
wiki-elec,47,4,0.9033802143808036,413
wiki-elec,47,8,0.9041155422296869,413
wiki-elec,47,16,0.9043026032209232,413
wiki-elec,47,32,0.9043638434263872,413
wiki-elec,47,64,0.9043470302063417,413
wiki-elec,47,128,0.9043402381108265,413
wiki-elec,47,256,0.9043457497293182,413
wiki-elec,47,512,0.904345527037662,413
wiki-elec,48,1,0.8947167295325212,1558
wiki-elec,48,2,0.8966440144713945,1558
wiki-elec,48,4,0.8980289895544251,1558
wiki-elec,48,8,0.8978054628044807,1558
wiki-elec,48,16,0.8980437428766506,1558
wiki-elec,48,32,0.8980462481577832,1558
wiki-elec,48,64,0.898042184035057,1558
wiki-elec,48,128,0.8980350022291435,1558
wiki-elec,48,256,0.8980538753470092,1558
wiki-elec,48,512,0.8980525391970717,1558
wiki-elec,48,1024,0.8980495328597128,1558
wiki-elec,49,1,0.8957523570798355,1182
wiki-elec,49,2,0.9006258526306788,1182
wiki-elec,49,4,0.9013210959814402,1182
wiki-elec,49,8,0.9012306274960951,1182
wiki-elec,49,16,0.9014554347230629,1182
wiki-elec,49,32,0.901419414347667,1182
wiki-elec,49,64,0.9014811556093578,1182
wiki-elec,49,128,0.901499360652255,1182
wiki-elec,49,256,0.9014856651153964,1182
wiki-elec,49,512,0.9014882260694431,1182
wiki-elec,49,1024,0.9014894508735525,1182
wiki-elec,50,1,0.896484177535133,558
wiki-elec,50,2,0.8976852093101146,558
wiki-elec,50,4,0.8980945165742718,558
wiki-elec,50,8,0.8990188539663833,558
wiki-elec,50,16,0.8991682243948019,558
wiki-elec,50,32,0.8991570898119903,558
wiki-elec,50,64,0.8991547515495999,558
wiki-elec,50,128,0.8991489058936237,558
wiki-elec,50,256,0.8991538051100608,558
wiki-elec,50,512,0.8991549185683421,558
wiki-elec,50,1024,0.8991537494371468,558
wiki-elec,51,1,0.8953454715874397,1135
wiki-elec,51,2,0.8998599046790635,1135
wiki-elec,51,4,0.9004453053703874,1135
wiki-elec,51,8,0.9008323991418354,1135
wiki-elec,51,16,0.9008088494991888,1135
wiki-elec,51,32,0.9006624297352152,1135
wiki-elec,51,64,0.9008413624809989,1135
wiki-elec,51,128,0.9008236584943283,1135
wiki-elec,51,256,0.9008258297379765,1135
wiki-elec,51,512,0.9008277226170545,1135
wiki-elec,51,1024,0.9008280009816247,1135
wiki-rfa,42,1,0.8932895686382568,1758
wiki-rfa,42,2,0.8960521311571766,1758
wiki-rfa,42,4,0.8969605251145889,1758
wiki-rfa,42,8,0.8973121159364474,1758
wiki-rfa,42,16,0.8975494656280765,1758
wiki-rfa,42,32,0.8975858578668263,1758
wiki-rfa,42,64,0.8975750701002438,1758
wiki-rfa,42,128,0.8975629079759644,1758
wiki-rfa,42,256,0.8975469428344951,1758
wiki-rfa,42,512,0.8975500492594273,1758
wiki-rfa,42,1024,0.8975497292035253,1758
wiki-rfa,43,1,0.8884177341770434,106293
wiki-rfa,43,2,0.8904943698307324,106293
wiki-rfa,43,4,0.8916354726691933,106293
wiki-rfa,43,8,0.8917040964199656,106293
wiki-rfa,43,16,0.8918110327449005,106293
wiki-rfa,43,32,0.8918775855457182,106293
wiki-rfa,43,64,0.8918551251521183,106293
wiki-rfa,43,128,0.891874328506244,106293
wiki-rfa,43,256,0.8918773031434517,106293
wiki-rfa,43,512,0.891881614484721,106293
wiki-rfa,43,1024,0.8918806543170148,106293
wiki-rfa,44,1,0.8860055669770537,102708
wiki-rfa,44,2,0.8880299864516572,102708
wiki-rfa,44,4,0.8886807354078843,102708
wiki-rfa,44,8,0.889034528967422,102708
wiki-rfa,44,16,0.8892542002771646,102708
wiki-rfa,44,32,0.8893303547550451,102708
wiki-rfa,44,64,0.8893028676011007,102708
wiki-rfa,44,128,0.889287768493249,102708
wiki-rfa,44,256,0.8892949603376371,102708
wiki-rfa,44,512,0.8892904230745545,102708
wiki-rfa,44,1024,0.8892896511750259,102708
wiki-rfa,45,1,0.8813298138229169,6351
wiki-rfa,45,2,0.8854900039858256,6351
wiki-rfa,45,4,0.8862610374807864,6351
wiki-rfa,45,8,0.8870058828722291,6351
wiki-rfa,45,16,0.8870112108616581,6351
wiki-rfa,45,32,0.887083562322349,6351
wiki-rfa,45,64,0.8870900575744798,6351
wiki-rfa,45,128,0.8870885514290581,6351
wiki-rfa,45,256,0.8870842212609709,6351
wiki-rfa,45,512,0.8870842024341531,6351
wiki-rfa,45,1024,0.8870852190823127,6351
wiki-rfa,46,1,0.8785354339819654,103154
wiki-rfa,46,2,0.8805340889564504,103154
wiki-rfa,46,4,0.8816399950590901,103154
wiki-rfa,46,8,0.8821996598709448,103154
wiki-rfa,46,16,0.8825368105235736,103154
wiki-rfa,46,32,0.882524573092023,103154
wiki-rfa,46,64,0.8825183602421588,103154
wiki-rfa,46,128,0.8825588002467292,103154
wiki-rfa,46,256,0.8825586119785516,103154
wiki-rfa,46,512,0.882564730694327,103154
wiki-rfa,46,1024,0.8825648248284157,103154
wiki-rfa,47,1,0.8891276369947044,5518
wiki-rfa,47,2,0.8909079197098727,5518
wiki-rfa,47,4,0.8921324253510557,5518
wiki-rfa,47,8,0.8923010571578234,5518
wiki-rfa,47,16,0.8925497970742033,5518
wiki-rfa,47,32,0.8926137894278043,5518
wiki-rfa,47,64,0.8926162745677498,5518
wiki-rfa,47,128,0.892625273786644,5518
wiki-rfa,47,256,0.8926180066349847,5518
wiki-rfa,47,512,0.892620774177197,5518
wiki-rfa,47,1024,0.8926200964117572,5518
wiki-rfa,48,1,0.8900158203632405,1482
wiki-rfa,48,2,0.8920817623844361,1482
wiki-rfa,48,4,0.8930365267940163,1482
wiki-rfa,48,8,0.893290613526643,1482
wiki-rfa,48,16,0.8935020951706557,1482
wiki-rfa,48,32,0.8935398805939206,1482
wiki-rfa,48,64,0.8935053522101299,1482
wiki-rfa,48,128,0.8935224657874831,1482
wiki-rfa,48,256,0.8935232941674651,1482
wiki-rfa,48,512,0.8935150480212817,1482
wiki-rfa,48,1024,0.8935184180216627,1482
wiki-rfa,49,1,0.8860712537442539,1725
wiki-rfa,49,2,0.889035667989897,1725
wiki-rfa,49,4,0.8894388254656282,1725
wiki-rfa,49,8,0.8901695319169253,1725
wiki-rfa,49,16,0.8903140842237649,1725
wiki-rfa,49,32,0.8903651048999222,1725
wiki-rfa,49,64,0.8903358291982895,1725
wiki-rfa,49,128,0.8903218220458685,1725
wiki-rfa,49,256,0.8903278842811906,1725
wiki-rfa,49,512,0.8903290891975277,1725
wiki-rfa,49,1024,0.8903279972420971,1725
wiki-rfa,50,1,0.894848071440092,101594
wiki-rfa,50,2,0.8971452350237324,101594
wiki-rfa,50,4,0.8973228660493944,101594
wiki-rfa,50,8,0.8976310987099282,101594
wiki-rfa,50,16,0.8976816863692766,101594
wiki-rfa,50,32,0.8977440407897315,101594
wiki-rfa,50,64,0.8977629429147729,101594
wiki-rfa,50,128,0.897755807550838,101594
wiki-rfa,50,256,0.8977735235863595,101594
wiki-rfa,50,512,0.8977731470500042,101594
wiki-rfa,50,1024,0.8977729964354622,101594
wiki-rfa,51,1,0.8864499081166571,3925
wiki-rfa,51,2,0.889053449919281,3925
wiki-rfa,51,4,0.8903725226661238,3925
wiki-rfa,51,8,0.890625649231044,3925
wiki-rfa,51,16,0.8910026374300747,3925
wiki-rfa,51,32,0.8909637788781969,3925
wiki-rfa,51,64,0.8910072876540638,3925
wiki-rfa,51,128,0.8909817961428029,3925
wiki-rfa,51,256,0.890985147316366,3925
wiki-rfa,51,512,0.8909844130704729,3925
wiki-rfa,51,1024,0.890984733126375,3925
