dataset,model,src_bin_lo,src_bin_hi,tgt_bin_lo,tgt_bin_hi,auc,n
bitcoin-alpha,walk_localattn4,0.0,0.25,0.0,0.25,1.0,1175
bitcoin-alpha,walk_localattn4,0.0,0.25,0.25,0.5,0.9234449760765551,212
bitcoin-alpha,walk_localattn4,0.0,0.25,0.5,0.75,0.8642857142857143,72
bitcoin-alpha,walk_localattn4,0.0,0.25,0.75,1.0,0.6975806451612903,70
bitcoin-alpha,walk_localattn4,0.25,0.5,0.0,0.25,1.0,319
bitcoin-alpha,walk_localattn4,0.25,0.5,0.25,0.5,0.607843137254902,56
bitcoin-alpha,walk_localattn4,0.25,0.5,0.5,0.75,,16
bitcoin-alpha,walk_localattn4,0.25,0.5,0.75,1.0,0.5546875,40
bitcoin-alpha,walk_localattn4,0.5,0.75,0.0,0.25,0.31919191919191925,168
bitcoin-alpha,walk_localattn4,0.5,0.75,0.25,0.5,0.5801282051282051,47
bitcoin-alpha,walk_localattn4,0.5,0.75,0.5,0.75,,18
bitcoin-alpha,walk_localattn4,0.5,0.75,0.75,1.0,0.5,34
bitcoin-alpha,walk_localattn4,0.75,1.0,0.0,0.25,0.8821138211382114,106
bitcoin-alpha,walk_localattn4,0.75,1.0,0.25,0.5,0.5535714285714286,30
bitcoin-alpha,walk_localattn4,0.75,1.0,0.5,0.75,,23
bitcoin-alpha,walk_localattn4,0.75,1.0,0.75,1.0,0.662037037037037,33
bitcoin-otc,walk_localattn4,0.0,0.25,0.0,0.25,0.9036629434954008,1530
bitcoin-otc,walk_localattn4,0.0,0.25,0.25,0.5,0.8596001859600186,248
bitcoin-otc,walk_localattn4,0.0,0.25,0.5,0.75,0.9982028241335045,224
bitcoin-otc,walk_localattn4,0.0,0.25,0.75,1.0,0.8286363636363636,130
bitcoin-otc,walk_localattn4,0.25,0.5,0.0,0.25,0.8078548347004723,456
bitcoin-otc,walk_localattn4,0.25,0.5,0.25,0.5,0.6568627450980392,77
bitcoin-otc,walk_localattn4,0.25,0.5,0.5,0.75,0.6900826446280992,55
bitcoin-otc,walk_localattn4,0.25,0.5,0.75,1.0,0.5746691871455576,46
bitcoin-otc,walk_localattn4,0.5,0.75,0.0,0.25,0.7849206349206349,187
bitcoin-otc,walk_localattn4,0.5,0.75,0.25,0.5,0.901098901098901,33
bitcoin-otc,walk_localattn4,0.5,0.75,0.5,0.75,0.707070707070707,38
bitcoin-otc,walk_localattn4,0.5,0.75,0.75,1.0,0.5670995670995671,43
bitcoin-otc,walk_localattn4,0.75,1.0,0.0,0.25,0.819219512195122,255
bitcoin-otc,walk_localattn4,0.75,1.0,0.25,0.5,0.6362007168458781,49
bitcoin-otc,walk_localattn4,0.75,1.0,0.5,0.75,0.7952941176470588,76
bitcoin-otc,walk_localattn4,0.75,1.0,0.75,1.0,0.6887550200803213,113
epinions,walk_localattn4,0.0,0.25,0.0,0.25,0.9672031909521901,30423
epinions,walk_localattn4,0.0,0.25,0.25,0.5,0.9247636383186255,13173
epinions,walk_localattn4,0.0,0.25,0.5,0.75,0.8801940574395664,5339
epinions,walk_localattn4,0.0,0.25,0.75,1.0,0.8279045691070384,3558
epinions,walk_localattn4,0.25,0.5,0.0,0.25,0.9748118182184117,4069
epinions,walk_localattn4,0.25,0.5,0.25,0.5,0.9273270540279447,2557
epinions,walk_localattn4,0.25,0.5,0.5,0.75,0.9030842124083676,1079
epinions,walk_localattn4,0.25,0.5,0.75,1.0,0.8662235597220117,860
epinions,walk_localattn4,0.5,0.75,0.0,0.25,0.9649665389969954,3816
epinions,walk_localattn4,0.5,0.75,0.25,0.5,0.8817347104184516,2424
epinions,walk_localattn4,0.5,0.75,0.5,0.75,0.8679604045007834,1093
epinions,walk_localattn4,0.5,0.75,0.75,1.0,0.813942795384951,963
epinions,walk_localattn4,0.75,1.0,0.0,0.25,0.959190905716596,6496
epinions,walk_localattn4,0.75,1.0,0.25,0.5,0.8500932882187708,3968
epinions,walk_localattn4,0.75,1.0,0.5,0.75,0.820438283456083,2115
epinions,walk_localattn4,0.75,1.0,0.75,1.0,0.7206185188391426,2147
wiki-elec,walk_localattn4,0.0,0.25,0.0,0.25,0.9881872852233677,794
wiki-elec,walk_localattn4,0.0,0.25,0.25,0.5,0.9327680193821926,267
wiki-elec,walk_localattn4,0.0,0.25,0.5,0.75,0.8882189239332097,316
wiki-elec,walk_localattn4,0.0,0.25,0.75,1.0,0.818335018537243,457
wiki-elec,walk_localattn4,0.25,0.5,0.0,0.25,0.9026785714285714,860
wiki-elec,walk_localattn4,0.25,0.5,0.25,0.5,0.8493397358943577,311
wiki-elec,walk_localattn4,0.25,0.5,0.5,0.75,0.8153935185185186,302
wiki-elec,walk_localattn4,0.25,0.5,0.75,1.0,0.6530888030888031,424
wiki-elec,walk_localattn4,0.5,0.75,0.0,0.25,0.9701433936497098,1068
wiki-elec,walk_localattn4,0.5,0.75,0.25,0.5,0.9052278996453436,377
wiki-elec,walk_localattn4,0.5,0.75,0.5,0.75,0.8408322561400019,469
wiki-elec,walk_localattn4,0.5,0.75,0.75,1.0,0.6287688389412368,710
wiki-elec,walk_localattn4,0.75,1.0,0.0,0.25,0.9478489679133456,1333
wiki-elec,walk_localattn4,0.75,1.0,0.25,0.5,0.8396474118529632,575
wiki-elec,walk_localattn4,0.75,1.0,0.5,0.75,0.7664661874724952,724
wiki-elec,walk_localattn4,0.75,1.0,0.75,1.0,0.6703831252690486,1383
wiki-rfa,walk_localattn4,0.0,0.25,0.0,0.25,0.9488852188274154,1231
wiki-rfa,walk_localattn4,0.0,0.25,0.25,0.5,0.9031070195627159,406
wiki-rfa,walk_localattn4,0.0,0.25,0.5,0.75,0.867985347985348,485
wiki-rfa,walk_localattn4,0.0,0.25,0.75,1.0,0.8441396838844617,813
wiki-rfa,walk_localattn4,0.25,0.5,0.0,0.25,0.9953922542204569,1363
wiki-rfa,walk_localattn4,0.25,0.5,0.25,0.5,0.9023923444976076,497
wiki-rfa,walk_localattn4,0.25,0.5,0.5,0.75,0.7625613747954173,522
wiki-rfa,walk_localattn4,0.25,0.5,0.75,1.0,0.6494375693719662,877
wiki-rfa,walk_localattn4,0.5,0.75,0.0,0.25,0.9738117923999552,1710
wiki-rfa,walk_localattn4,0.5,0.75,0.25,0.5,0.8795320282636396,671
wiki-rfa,walk_localattn4,0.5,0.75,0.5,0.75,0.8092859785423603,806
wiki-rfa,walk_localattn4,0.5,0.75,0.75,1.0,0.6471922362505721,1405
wiki-rfa,walk_localattn4,0.75,1.0,0.0,0.25,0.9382694333001825,2108
wiki-rfa,walk_localattn4,0.75,1.0,0.25,0.5,0.8301210387598835,941
wiki-rfa,walk_localattn4,0.75,1.0,0.5,0.75,0.7448365732095598,1242
wiki-rfa,walk_localattn4,0.75,1.0,0.75,1.0,0.6596929326580272,2645
slashdot090221,walk_localattn4,0.0,0.25,0.0,0.25,0.9850169435351249,8953
slashdot090221,walk_localattn4,0.0,0.25,0.25,0.5,0.9909584265879697,3569
slashdot090221,walk_localattn4,0.0,0.25,0.5,0.75,0.947115309344258,4319
slashdot090221,walk_localattn4,0.0,0.25,0.75,1.0,0.9621111116646668,6487
slashdot090221,walk_localattn4,0.25,0.5,0.0,0.25,0.9046133789391052,2076
slashdot090221,walk_localattn4,0.25,0.5,0.25,0.5,0.8175862937767701,1008
slashdot090221,walk_localattn4,0.25,0.5,0.5,0.75,0.8620382107744969,1416
slashdot090221,walk_localattn4,0.25,0.5,0.75,1.0,0.8098996849610347,2370
slashdot090221,walk_localattn4,0.5,0.75,0.0,0.25,0.8996582767722474,2141
slashdot090221,walk_localattn4,0.5,0.75,0.25,0.5,0.7940379403794039,1035
slashdot090221,walk_localattn4,0.5,0.75,0.5,0.75,0.7844009968445209,1546
slashdot090221,walk_localattn4,0.5,0.75,0.75,1.0,0.7431125606195615,3183
slashdot090221,walk_localattn4,0.75,1.0,0.0,0.25,0.8441816334823242,3731
slashdot090221,walk_localattn4,0.75,1.0,0.25,0.5,0.6725696502667458,1866
slashdot090221,walk_localattn4,0.75,1.0,0.5,0.75,0.6559777666240949,3161
slashdot090221,walk_localattn4,0.75,1.0,0.75,1.0,0.5853990249919624,8060
