dataset,line_dist,n_pairs,mi_bits,nmi,phi,se_null,z,p
bitcoin-alpha,1,4187709,0.009135767852014936,0.026032327199565167,0.13375884936393156,0.0004886656411635842,273.72263997409806,0.0
bitcoin-alpha,2,122245173,5.433824300403532e-05,0.00014190935672604807,0.008808564997060024,9.044491231020047e-05,97.39149247941265,0.0
bitcoin-alpha,3,291774309,4.318016082304388e-05,0.00012710093368797936,-0.0076057996870096305,5.85432025133698e-05,-129.91772503857567,0.0
bitcoin-alpha,4,61033052,3.0188892677636403e-05,0.0001128775238261184,-0.006334131281403721,0.0001280022075717325,-49.48454719309486,0.0
bitcoin-alpha,5,4008454,9.861340666365121e-05,0.00048634462828430706,-0.011033361113186544,0.0004994725233704199,-22.090026171477625,3.941673760267224e-108
bitcoin-alpha,6,180672,0.00021788051661498424,0.0012956029341087587,-0.015299011315881328,0.0023526416204147035,-6.502907703037469,7.878213702678582e-11
bitcoin-alpha,7,5455,0.0002660041606948807,0.002363340015045049,-0.013671506770757003,0.01354074106170646,-1.009657204761145,0.31265955242490207
bitcoin-alpha,8,102,nan,nan,nan,nan,nan,nan
bitcoin-otc,1,5268965,0.01939675726733173,0.043122451767883034,0.19086005468073375,0.00043564966494648267,438.1044450112912,0.0
bitcoin-otc,2,167557868,0.0008186498440907698,0.001658037974621218,0.03483365859990382,7.725339753663286e-05,450.9013158079684,0.0
bitcoin-otc,3,436427239,0.00011551352168846633,0.00024234934933184643,-0.012466177783619737,4.786786705435786e-05,-260.4289380486366,0.0
bitcoin-otc,4,96344329,0.000552910989220778,0.0013381456380899236,-0.026445783409449634,0.00010187952795651892,-259.5789746958428,0.0
bitcoin-otc,5,5711186,0.0008274764030049312,0.002459368048698513,-0.031004399758463124,0.00041844355763986387,-74.09458024240216,0.0
bitcoin-otc,6,296071,0.0006907973633201465,0.002332582343920941,-0.02800445090355554,0.0018378192583710983,-15.237869978779377,1.9822798253924064e-52
bitcoin-otc,7,7469,4.185530694267551e-06,2.8737952396591716e-05,-0.0023559540287570496,0.011571718104160847,-0.20359587120515132,0.8386693198692927
bitcoin-otc,8,115,nan,nan,nan,nan,nan,nan
epinions,1,12080537,0.05785688393187829,0.08826392315183908,0.31163525755698684,0.0002877112858962944,1083.1527049283561,0.0
epinions,2,2080174532,0.0008676682772743487,0.0013101081070300356,0.035262617810575436,2.1925530625821024e-05,1608.2902809680572,0.0
epinions,3,11372537041,4.378813200873544e-05,7.192258401120709e-05,-0.007752419673919071,9.377159863604153e-06,-826.7342976639192,0.0
epinions,4,2785480694,0.00028497588819791954,0.0005756452973351823,-0.019451888096694608,1.8947413091526392e-05,-1026.625006945873,0.0
epinions,5,214639748,9.921011580997123e-08,2.0074768180821367e-07,-0.000370709285611126,6.825664317889422e-05,-5.43110924221005,5.600483572678001e-08
epinions,6,25252947,1.277076625857802e-05,2.5725773053999868e-05,-0.00418907332900167,0.0001989958296337718,-21.05106090268908,2.236182660390816e-98
epinions,7,3734822,1.4306963259650275e-05,3.8962658865376026e-05,0.004481070192912786,0.0005174460832632138,8.659975092773793,4.718673538606866e-18
epinions,8,464181,4.34333329694497e-06,8.679320632625372e-06,-0.0024484372031927234,0.0014677658804238191,-1.6681387923295603,0.09528817796356466
wiki-elec,1,6156824,0.00939966468987849,0.013349923150983054,0.11877648146955509,0.0004030154223639395,294.7194446625793,0.0
wiki-elec,2,599837984,5.655512415553808e-05,7.899016398465413e-05,0.008884619641975391,4.083034209319356e-05,217.59846198928764,0.0
wiki-elec,3,1429293207,1.7306301295251904e-05,2.2917722637848612e-05,-0.00489050080922871,2.645083188975263e-05,-184.8902457817725,0.0
wiki-elec,4,37165722,0.00190531311374334,0.00208768026595854,-0.05111937388534331,0.0001640320523687736,-311.6425914760717,0.0
wiki-elec,5,60604,0.004438320626454703,0.004637781947041997,-0.07853505094767534,0.004062121772187689,-19.33350484108694,2.8068682937397364e-83
wiki-elec,6,26,nan,nan,nan,nan,nan,nan
wiki-elec,7,0,nan,nan,nan,nan,nan,nan
wiki-elec,8,0,nan,nan,nan,nan,nan,nan
wiki-rfa,1,6844398,0.00896498843245782,0.012704460225988484,0.11573646509047751,0.0003822367183782321,302.78740771302245,0.0
wiki-rfa,2,773388415,5.630206270159591e-05,7.851873395781069e-05,0.00886351151838349,3.5958467063296876e-05,246.493030494911,0.0
wiki-rfa,3,2624224472,5.666691269340146e-06,7.583308082441038e-06,-0.0028002601331553966,1.952088529344342e-05,-143.4494435606327,0.0
wiki-rfa,4,139532598,0.0005369823595656187,0.0006244271947345181,-0.027161444691299833,8.465686101621794e-05,-320.8416230563574,0.0
wiki-rfa,5,210000,0.007069085016953778,0.007938078436929634,-0.09797285315988523,0.002182184098042533,-44.89669466832291,0.0
wiki-rfa,6,117,nan,nan,nan,nan,nan,nan
wiki-rfa,7,0,nan,nan,nan,nan,nan,nan
wiki-rfa,8,0,nan,nan,nan,nan,nan,nan
slashdot,1,6485912,0.06491432573371926,0.0887687037003347,0.32135453834793426,0.00039265805184080795,818.4081208608918,0.0
slashdot,2,663822571,0.0025769572669878827,0.0034067368020807326,0.06081420871296868,3.881271227902586e-05,1566.86315235517,0.0
slashdot,3,7742055109,9.730972816035413e-07,1.2214179356613316e-06,-0.0011611279335321763,1.1365063611137983e-05,-102.16642627448635,0.0
slashdot,4,2404804884,0.0003699372591523097,0.0005055534947246385,-0.022451522740548954,2.0392011973142947e-05,-1100.9959571482432,0.0
slashdot,5,154000889,0.006136706039974566,0.011939644821820096,-0.08343163886595474,8.058206407536353e-05,-1035.3623951345571,0.0
slashdot,6,12113888,0.008103683781775364,0.018389187761533754,-0.08833819776756217,0.00028731496089472587,-307.46118299050175,0.0
slashdot,7,674828,0.0037776363880377382,0.008069197744404774,-0.05820421165111575,0.0012173172458477745,-47.81351110373917,0.0
slashdot,8,58008,0.0010081773682358857,0.0016671873361760762,-0.028481311908610196,0.004152023447107286,-6.8596221267616215,6.904293205319823e-12
