dataset,src_bin_lo,src_bin_hi,tgt_bin_lo,tgt_bin_hi,mean_auc,std_auc,n_splits_valid
bitcoin-alpha,0.0,0.25,0.0,0.25,0.8167551453489201,0.26633425172570413,8
bitcoin-alpha,0.0,0.25,0.25,0.5,0.7066324558825444,0.17183778398699048,10
bitcoin-alpha,0.0,0.25,0.5,0.75,0.7492225935150602,0.25842597498255254,8
bitcoin-alpha,0.0,0.25,0.75,1.0,0.5627180100038686,0.0992188816275512,10
bitcoin-alpha,0.25,0.5,0.0,0.25,0.9063763276147256,0.13096812653008655,10
bitcoin-alpha,0.25,0.5,0.25,0.5,0.7504369688571588,0.11773286541938766,10
bitcoin-alpha,0.25,0.5,0.5,0.75,0.7389846743295019,0.09414544308901351,2
bitcoin-alpha,0.25,0.5,0.75,1.0,0.6114300641754288,0.14544396966894355,3
bitcoin-alpha,0.5,0.75,0.0,0.25,0.7503117129630797,0.1328494516757764,10
bitcoin-alpha,0.5,0.75,0.25,0.5,0.6809063408532363,0.07828696914290731,9
bitcoin-alpha,0.5,0.75,0.5,0.75,nan,nan,0
bitcoin-alpha,0.5,0.75,0.75,1.0,0.49615473869859833,0.13733351983243472,3
bitcoin-alpha,0.75,1.0,0.0,0.25,0.7494697188701032,0.07547005441980993,10
bitcoin-alpha,0.75,1.0,0.25,0.5,0.5469609712638888,0.16008547258077502,9
bitcoin-alpha,0.75,1.0,0.5,0.75,nan,nan,0
bitcoin-alpha,0.75,1.0,0.75,1.0,0.5097097426838806,0.11936005849550833,8
bitcoin-otc,0.0,0.25,0.0,0.25,0.8989282666862387,0.08386659181621195,10
bitcoin-otc,0.0,0.25,0.25,0.5,0.9201720635094695,0.053896315767065654,10
bitcoin-otc,0.0,0.25,0.5,0.75,0.8862847535327708,0.04652941510317271,10
bitcoin-otc,0.0,0.25,0.75,1.0,0.732099155367204,0.06513636531400184,10
bitcoin-otc,0.25,0.5,0.0,0.25,0.8521678890217925,0.10399828100959886,10
bitcoin-otc,0.25,0.5,0.25,0.5,0.7227334338434284,0.12833091440046496,10
bitcoin-otc,0.25,0.5,0.5,0.75,0.6804528480722476,0.08082972084200352,10
bitcoin-otc,0.25,0.5,0.75,1.0,0.6519581465646209,0.05655058228806486,10
bitcoin-otc,0.5,0.75,0.0,0.25,0.7930552811978098,0.09442135868178707,10
bitcoin-otc,0.5,0.75,0.25,0.5,0.6369053296112118,0.15652430607324733,10
bitcoin-otc,0.5,0.75,0.5,0.75,0.7119359475824938,0.06698856630866434,9
bitcoin-otc,0.5,0.75,0.75,1.0,0.47873922735630237,0.08588692094928177,10
bitcoin-otc,0.75,1.0,0.0,0.25,0.8403451510730647,0.0554208981983434,10
bitcoin-otc,0.75,1.0,0.25,0.5,0.5351141164762784,0.0960826644784377,10
bitcoin-otc,0.75,1.0,0.5,0.75,0.5032267626549125,0.0840406091470735,10
bitcoin-otc,0.75,1.0,0.75,1.0,0.4294902223254408,0.06611410925396032,10
epinions,0.0,0.25,0.0,0.25,0.926264773696707,0.025101393457050536,10
epinions,0.0,0.25,0.25,0.5,0.8609462688025937,0.04573756558395102,10
epinions,0.0,0.25,0.5,0.75,0.8460938260232131,0.034455004227372604,10
epinions,0.0,0.25,0.75,1.0,0.7763536522980277,0.04275177761734203,10
epinions,0.25,0.5,0.0,0.25,0.956761634405032,0.005960396002080142,10
epinions,0.25,0.5,0.25,0.5,0.8694259448617077,0.015158499773112856,10
epinions,0.25,0.5,0.5,0.75,0.8787347078632296,0.006833006579024694,10
epinions,0.25,0.5,0.75,1.0,0.8413262724945116,0.01051361238343203,10
epinions,0.5,0.75,0.0,0.25,0.9294152366356452,0.008937855347303122,10
epinions,0.5,0.75,0.25,0.5,0.8063353297311979,0.021507352490593743,10
epinions,0.5,0.75,0.5,0.75,0.8087860179875198,0.015338886764378449,10
epinions,0.5,0.75,0.75,1.0,0.7588381435248748,0.017939883298649758,10
epinions,0.75,1.0,0.0,0.25,0.8967797374537689,0.012509461918159596,10
epinions,0.75,1.0,0.25,0.5,0.7365623299433902,0.01870851837646884,10
epinions,0.75,1.0,0.5,0.75,0.7348589814595643,0.011109061441782265,10
epinions,0.75,1.0,0.75,1.0,0.6603622264830517,0.01983048775526875,10
wiki-elec,0.0,0.25,0.0,0.25,0.9723176714027263,0.024261062899666206,10
wiki-elec,0.0,0.25,0.25,0.5,0.8496776510036603,0.0892475822891549,10
wiki-elec,0.0,0.25,0.5,0.75,0.8507632508994764,0.029502845525175007,10
wiki-elec,0.0,0.25,0.75,1.0,0.7958339921626043,0.04362806285249119,10
wiki-elec,0.25,0.5,0.0,0.25,0.9518382154012872,0.040447765671462105,10
wiki-elec,0.25,0.5,0.25,0.5,0.8497881533002584,0.058218734428140066,10
wiki-elec,0.25,0.5,0.5,0.75,0.8136112227784261,0.040341634407136305,10
wiki-elec,0.25,0.5,0.75,1.0,0.5947265006447566,0.02967211998815984,10
wiki-elec,0.5,0.75,0.0,0.25,0.9691090066256673,0.008853953065766328,10
wiki-elec,0.5,0.75,0.25,0.5,0.8777785021246347,0.02222299407696816,10
wiki-elec,0.5,0.75,0.5,0.75,0.8039340220724615,0.027471150850418763,10
wiki-elec,0.5,0.75,0.75,1.0,0.6392789183113844,0.027631665470810366,10
wiki-elec,0.75,1.0,0.0,0.25,0.9349747496971412,0.012398643433308165,10
wiki-elec,0.75,1.0,0.25,0.5,0.8077368731124548,0.02280482170530134,10
wiki-elec,0.75,1.0,0.5,0.75,0.7475337542370871,0.017688444467101386,10
wiki-elec,0.75,1.0,0.75,1.0,0.6310146239736188,0.015299604732223013,10
wiki-rfa,0.0,0.25,0.0,0.25,0.9581618079284784,0.01642340655137708,10
wiki-rfa,0.0,0.25,0.25,0.5,0.8682512972985341,0.04717853243425999,10
wiki-rfa,0.0,0.25,0.5,0.75,0.8645085041647359,0.03531546666529183,10
wiki-rfa,0.0,0.25,0.75,1.0,0.8223452859529615,0.015467075674557114,10
wiki-rfa,0.25,0.5,0.0,0.25,0.9612786421783251,0.022082684086717177,10
wiki-rfa,0.25,0.5,0.25,0.5,0.9049196437118188,0.05036548844569958,10
wiki-rfa,0.25,0.5,0.5,0.75,0.7863426521640549,0.03383880862361248,10
wiki-rfa,0.25,0.5,0.75,1.0,0.6183729640676362,0.03009596926992848,10
wiki-rfa,0.5,0.75,0.0,0.25,0.9664598313207808,0.01436701714389593,10
wiki-rfa,0.5,0.75,0.25,0.5,0.8597116135404699,0.037050226981250815,10
wiki-rfa,0.5,0.75,0.5,0.75,0.7835584681335552,0.0296509406963473,10
wiki-rfa,0.5,0.75,0.75,1.0,0.6431850683990071,0.024353681580305424,10
wiki-rfa,0.75,1.0,0.0,0.25,0.9321853201321293,0.011607023602604,10
wiki-rfa,0.75,1.0,0.25,0.5,0.7886616124835478,0.011393014422143927,10
wiki-rfa,0.75,1.0,0.5,0.75,0.7392020272726654,0.011243270762455931,10
wiki-rfa,0.75,1.0,0.75,1.0,0.6228886758748818,0.011755523794394505,10
slashdot090221,0.0,0.25,0.0,0.25,0.9554604243909226,0.014938523133465055,10
slashdot090221,0.0,0.25,0.25,0.5,0.945243149839763,0.01791165423955413,10
slashdot090221,0.0,0.25,0.5,0.75,0.9357754627066228,0.011211844567060562,10
slashdot090221,0.0,0.25,0.75,1.0,0.9187660250646654,0.007376767184947113,10
slashdot090221,0.25,0.5,0.0,0.25,0.8885439002609787,0.019581066840454603,10
slashdot090221,0.25,0.5,0.25,0.5,0.8589083095276834,0.028439088699260144,10
slashdot090221,0.25,0.5,0.5,0.75,0.8485963021196218,0.01748075346261362,10
slashdot090221,0.25,0.5,0.75,1.0,0.786567357847804,0.012124511679012967,10
slashdot090221,0.5,0.75,0.0,0.25,0.8441458689098107,0.0232526742973978,10
slashdot090221,0.5,0.75,0.25,0.5,0.7654577634841224,0.025324041689604792,10
slashdot090221,0.5,0.75,0.5,0.75,0.7450087921437676,0.019774454466538825,10
slashdot090221,0.5,0.75,0.75,1.0,0.7033098548260466,0.008963065999250038,10
slashdot090221,0.75,1.0,0.0,0.25,0.7689519165444404,0.022376364728434683,10
slashdot090221,0.75,1.0,0.25,0.5,0.6468873658555668,0.018504869226844568,10
slashdot090221,0.75,1.0,0.5,0.75,0.6291963796866212,0.010961449398675292,10
slashdot090221,0.75,1.0,0.75,1.0,0.576980576747535,0.0048287079703397805,10
