run_name,epoch,val_auc
WL_SWEEP_mw10_20260604-122604,0,0.8276
WL_SWEEP_mw10_20260604-122604,1,0.8641
WL_SWEEP_mw10_20260604-122604,2,0.8719
WL_SWEEP_mw10_20260604-122604,3,0.877
WL_SWEEP_mw10_20260604-122604,4,0.8805
WL_SWEEP_mw10_20260604-122604,5,0.9023
WL_SWEEP_mw10_20260604-122604,6,0.9114
WL_SWEEP_mw10_20260604-122604,7,0.9036
WL_SWEEP_mw10_20260604-122604,8,0.9125
WL_SWEEP_mw10_20260604-122604,9,0.8885
WL_SWEEP_mw10_20260604-122604,10,0.9015
WL_SWEEP_mw10_20260604-122604,11,0.9019
WL_SWEEP_mw10_20260604-122604,12,0.9167
WL_SWEEP_mw10_20260604-122604,13,0.9199
WL_SWEEP_mw10_20260604-122604,14,0.9111
WL_SWEEP_mw10_20260604-122604,15,0.9137
WL_SWEEP_mw10_20260604-122604,16,0.9201
WL_SWEEP_mw10_20260604-122604,17,0.9126
WL_SWEEP_mw10_20260604-122604,18,0.9091
WL_SWEEP_mw10_20260604-122604,19,0.9117
WL_SWEEP_mw10_20260604-122604,20,0.9164
WL_SWEEP_mw10_20260604-122604,21,0.9146
WL_SWEEP_mw10_20260604-122604,22,0.9156
WL_SWEEP_mw10_20260604-122604,23,0.9114
WL_SWEEP_mw10_20260604-122604,24,0.9166
WL_SWEEP_mw10_20260604-122604,25,0.9216
WL_SWEEP_mw10_20260604-122604,26,0.9186
WL_SWEEP_mw10_20260604-122604,27,0.9249
WL_SWEEP_mw10_20260604-122604,28,0.9187
WL_SWEEP_mw10_20260604-122604,29,0.9249
WL_SWEEP_mw10_20260604-122604,30,0.9234
WL_SWEEP_mw10_20260604-122604,31,0.9172
WL_SWEEP_mw10_20260604-122604,32,0.9239
WL_SWEEP_mw10_20260604-122604,33,0.9268
WL_SWEEP_mw10_20260604-122604,34,0.9253
WL_SWEEP_mw10_20260604-122604,35,0.9289
WL_SWEEP_mw10_20260604-122604,36,0.9242
WL_SWEEP_mw10_20260604-122604,37,0.9263
WL_SWEEP_mw10_20260604-122604,38,0.927
WL_SWEEP_mw10_20260604-122604,39,0.9274
WL_SWEEP_mw10_20260604-122604,40,0.9274
WL_SWEEP_mw10_20260604-122604,41,0.9253
WL_SWEEP_mw10_20260604-122604,42,0.9247
WL_SWEEP_mw10_20260604-122604,43,0.9263
WL_SWEEP_mw10_20260604-122604,44,0.9265
WL_SWEEP_mw10_20260604-122604,45,0.9265
WL_SWEEP_mw10_20260604-122604,46,0.9262
WL_SWEEP_mw10_20260604-122604,47,0.9267
WL_SWEEP_mw10_20260604-122604,48,0.927
WL_SWEEP_mw10_20260604-122604,49,0.9269
WL_SWEEP_mw10_20260604-133901,0,0.801
WL_SWEEP_mw10_20260604-133901,1,0.84
WL_SWEEP_mw10_20260604-133901,2,0.8491
WL_SWEEP_mw10_20260604-133901,3,0.8482
WL_SWEEP_mw10_20260604-133901,4,0.8675
WL_SWEEP_mw10_20260604-133901,5,0.8745
WL_SWEEP_mw10_20260604-133901,6,0.8767
WL_SWEEP_mw10_20260604-133901,7,0.88
WL_SWEEP_mw10_20260604-133901,8,0.8852
WL_SWEEP_mw10_20260604-133901,9,0.8878
WL_SWEEP_mw10_20260604-133901,10,0.8843
WL_SWEEP_mw10_20260604-133901,11,0.8823
WL_SWEEP_mw10_20260604-133901,12,0.8917
WL_SWEEP_mw10_20260604-133901,13,0.8908
WL_SWEEP_mw10_20260604-133901,14,0.8906
WL_SWEEP_mw10_20260604-133901,15,0.894
WL_SWEEP_mw10_20260604-133901,16,0.8899
WL_SWEEP_mw10_20260604-133901,17,0.8875
WL_SWEEP_mw10_20260604-133901,18,0.8874
WL_SWEEP_mw10_20260604-133901,19,0.892
WL_SWEEP_mw10_20260604-133901,20,0.8942
WL_SWEEP_mw10_20260604-133901,21,0.8865
WL_SWEEP_mw10_20260604-133901,22,0.8893
WL_SWEEP_mw10_20260604-133901,23,0.8925
WL_SWEEP_mw10_20260604-133901,24,0.8936
WL_SWEEP_mw10_20260604-133901,25,0.897
WL_SWEEP_mw10_20260604-133901,26,0.8998
WL_SWEEP_mw10_20260604-133901,27,0.8982
WL_SWEEP_mw10_20260604-133901,28,0.8989
WL_SWEEP_mw10_20260604-133901,29,0.9024
WL_SWEEP_mw10_20260604-133901,30,0.9005
WL_SWEEP_mw10_20260604-133901,31,0.8975
WL_SWEEP_mw10_20260604-133901,32,0.8957
WL_SWEEP_mw10_20260604-133901,33,0.8998
WL_SWEEP_mw10_20260604-133901,34,0.9022
WL_SWEEP_mw10_20260604-133901,35,0.9055
WL_SWEEP_mw10_20260604-133901,36,0.9078
WL_SWEEP_mw10_20260604-133901,37,0.9043
WL_SWEEP_mw10_20260604-133901,38,0.9039
WL_SWEEP_mw10_20260604-133901,39,0.904
WL_SWEEP_mw10_20260604-133901,40,0.9051
WL_SWEEP_mw10_20260604-133901,41,0.9056
WL_SWEEP_mw10_20260604-133901,42,0.9063
WL_SWEEP_mw10_20260604-133901,43,0.9054
WL_SWEEP_mw10_20260604-133901,44,0.9054
WL_SWEEP_mw10_20260604-133901,45,0.9061
WL_SWEEP_mw10_20260604-133901,46,0.9064
WL_SWEEP_mw10_20260604-133901,47,0.9058
WL_SWEEP_mw10_20260604-133901,48,0.9062
WL_SWEEP_mw10_20260604-133901,49,0.9061
WL_SWEEP_mw10_20260604-140837,0,0.732
WL_SWEEP_mw10_20260604-140837,1,0.796
WL_SWEEP_mw10_20260604-140837,2,0.8315
WL_SWEEP_mw10_20260604-140837,3,0.847
WL_SWEEP_mw10_20260604-140837,4,0.8628
WL_SWEEP_mw10_20260604-140837,5,0.8728
WL_SWEEP_mw10_20260604-140837,6,0.881
WL_SWEEP_mw10_20260604-140837,7,0.8868
WL_SWEEP_mw10_20260604-140837,8,0.8929
WL_SWEEP_mw10_20260604-140837,9,0.8936
WL_SWEEP_mw10_20260604-140837,10,0.895
WL_SWEEP_mw10_20260604-140837,11,0.8994
WL_SWEEP_mw10_20260604-140837,12,0.8997
WL_SWEEP_mw10_20260604-140837,13,0.9011
WL_SWEEP_mw10_20260604-140837,14,0.9028
WL_SWEEP_mw10_20260604-140837,15,0.9045
WL_SWEEP_mw10_20260604-140837,16,0.9023
WL_SWEEP_mw10_20260604-140837,17,0.9033
WL_SWEEP_mw10_20260604-140837,18,0.9047
WL_SWEEP_mw10_20260604-140837,19,0.9061
WL_SWEEP_mw10_20260604-140837,20,0.9055
WL_SWEEP_mw10_20260604-140837,21,0.9077
WL_SWEEP_mw10_20260604-140837,22,0.9092
WL_SWEEP_mw10_20260604-140837,23,0.9083
WL_SWEEP_mw10_20260604-140837,24,0.9075
WL_SWEEP_mw10_20260604-140837,25,0.9085
WL_SWEEP_mw10_20260604-140837,26,0.9072
WL_SWEEP_mw10_20260604-140837,27,0.9093
WL_SWEEP_mw10_20260604-140837,28,0.9075
WL_SWEEP_mw10_20260604-140837,29,0.9069
WL_SWEEP_mw10_20260604-140837,30,0.9073
WL_SWEEP_mw10_20260604-140837,31,0.9085
WL_SWEEP_mw10_20260604-140837,32,0.9081
WL_SWEEP_mw10_20260604-140837,33,0.9076
WL_SWEEP_mw10_20260604-140837,34,0.9087
WL_SWEEP_mw10_20260604-140837,35,0.909
WL_SWEEP_mw10_20260604-140837,36,0.9103
WL_SWEEP_mw10_20260604-140837,37,0.9098
WL_SWEEP_mw10_20260604-140837,38,0.9099
WL_SWEEP_mw10_20260604-140837,39,0.9095
WL_SWEEP_mw10_20260604-140837,40,0.9097
WL_SWEEP_mw10_20260604-140837,41,0.9102
WL_SWEEP_mw10_20260604-140837,42,0.9099
WL_SWEEP_mw10_20260604-140837,43,0.91
WL_SWEEP_mw10_20260604-140837,44,0.9102
WL_SWEEP_mw10_20260604-140837,45,0.9105
WL_SWEEP_mw10_20260604-140837,46,0.9103
WL_SWEEP_mw10_20260604-140837,47,0.9097
WL_SWEEP_mw10_20260604-140837,48,0.9096
WL_SWEEP_mw10_20260604-140837,49,0.9097
WL_SWEEP_mw10_20260604-140849,0,0.6267
WL_SWEEP_mw10_20260604-140849,1,0.702
WL_SWEEP_mw10_20260604-140849,2,0.7392
WL_SWEEP_mw10_20260604-140849,3,0.7558
WL_SWEEP_mw10_20260604-140849,4,0.7637
WL_SWEEP_mw10_20260604-140849,5,0.7737
WL_SWEEP_mw10_20260604-140849,6,0.7969
WL_SWEEP_mw10_20260604-140849,7,0.8064
WL_SWEEP_mw10_20260604-140849,8,0.818
WL_SWEEP_mw10_20260604-140849,9,0.8194
WL_SWEEP_mw10_20260604-140849,10,0.8217
WL_SWEEP_mw10_20260604-140849,11,0.8319
WL_SWEEP_mw10_20260604-140849,12,0.8246
WL_SWEEP_mw10_20260604-140849,13,0.8163
WL_SWEEP_mw10_20260604-140849,14,0.8315
WL_SWEEP_mw10_20260604-140849,15,0.8366
WL_SWEEP_mw10_20260604-140849,16,0.8428
WL_SWEEP_mw10_20260604-140849,17,0.8443
WL_SWEEP_mw10_20260604-140849,18,0.8305
WL_SWEEP_mw10_20260604-140849,19,0.8405
WL_SWEEP_mw10_20260604-140849,20,0.8372
WL_SWEEP_mw10_20260604-140849,21,0.841
WL_SWEEP_mw10_20260604-140849,22,0.8404
WL_SWEEP_mw10_20260604-140849,23,0.8361
WL_SWEEP_mw10_20260604-140849,24,0.8411
WL_SWEEP_mw10_20260604-140849,25,0.8359
WL_SWEEP_mw10_20260604-140849,26,0.8421
WL_SWEEP_mw10_20260604-140849,27,0.8443
WL_SWEEP_mw10_20260604-140849,28,0.8407
WL_SWEEP_mw10_20260604-140849,29,0.8455
WL_SWEEP_mw10_20260604-140849,30,0.8472
WL_SWEEP_mw10_20260604-140849,31,0.848
WL_SWEEP_mw10_20260604-140849,32,0.8464
WL_SWEEP_mw10_20260604-140849,33,0.8458
WL_SWEEP_mw10_20260604-140849,34,0.8454
WL_SWEEP_mw10_20260604-140849,35,0.8442
WL_SWEEP_mw10_20260604-140849,36,0.8458
WL_SWEEP_mw10_20260604-140849,37,0.8433
WL_SWEEP_mw10_20260604-140849,38,0.843
WL_SWEEP_mw10_20260604-140849,39,0.8438
WL_SWEEP_mw10_20260604-140849,40,0.848
WL_SWEEP_mw10_20260604-140849,41,0.8466
WL_SWEEP_mw10_20260604-140849,42,0.8496
WL_SWEEP_mw10_20260604-140849,43,0.85
WL_SWEEP_mw10_20260604-140849,44,0.8476
WL_SWEEP_mw10_20260604-140849,45,0.8483
WL_SWEEP_mw10_20260604-140849,46,0.8472
WL_SWEEP_mw10_20260604-140849,47,0.8474
WL_SWEEP_mw10_20260604-140849,48,0.8476
WL_SWEEP_mw10_20260604-140849,49,0.8476
WL_SWEEP_mw10_20260604-140858,0,0.6458
WL_SWEEP_mw10_20260604-140858,1,0.6713
WL_SWEEP_mw10_20260604-140858,2,0.6965
WL_SWEEP_mw10_20260604-140858,3,0.725
WL_SWEEP_mw10_20260604-140858,4,0.7382
WL_SWEEP_mw10_20260604-140858,5,0.7491
WL_SWEEP_mw10_20260604-140858,6,0.7635
WL_SWEEP_mw10_20260604-140858,7,0.769
WL_SWEEP_mw10_20260604-140858,8,0.7785
WL_SWEEP_mw10_20260604-140858,9,0.7801
WL_SWEEP_mw10_20260604-140858,10,0.7935
WL_SWEEP_mw10_20260604-140858,11,0.7928
WL_SWEEP_mw10_20260604-140858,12,0.7958
WL_SWEEP_mw10_20260604-140858,13,0.7987
WL_SWEEP_mw10_20260604-140858,14,0.8007
WL_SWEEP_mw10_20260604-140858,15,0.8052
WL_SWEEP_mw10_20260604-140858,16,0.805
WL_SWEEP_mw10_20260604-140858,17,0.81
WL_SWEEP_mw10_20260604-140858,18,0.8141
WL_SWEEP_mw10_20260604-140858,19,0.8148
WL_SWEEP_mw10_20260604-140858,20,0.8181
WL_SWEEP_mw10_20260604-140858,21,0.8205
WL_SWEEP_mw10_20260604-140858,22,0.8196
WL_SWEEP_mw10_20260604-140858,23,0.8245
WL_SWEEP_mw10_20260604-140858,24,0.8204
WL_SWEEP_mw10_20260604-140858,25,0.8217
WL_SWEEP_mw10_20260604-140858,26,0.8225
WL_SWEEP_mw10_20260604-140858,27,0.825
WL_SWEEP_mw10_20260604-140858,28,0.8243
WL_SWEEP_mw10_20260604-140858,29,0.8245
WL_SWEEP_mw10_20260604-140858,30,0.828
WL_SWEEP_mw10_20260604-140858,31,0.8279
WL_SWEEP_mw10_20260604-140858,32,0.8274
WL_SWEEP_mw10_20260604-140858,33,0.8301
WL_SWEEP_mw10_20260604-140858,34,0.8299
WL_SWEEP_mw10_20260604-140858,35,0.8323
WL_SWEEP_mw10_20260604-140858,36,0.8313
WL_SWEEP_mw10_20260604-140858,37,0.8319
WL_SWEEP_mw10_20260604-140858,38,0.8325
WL_SWEEP_mw10_20260604-140858,39,0.8333
WL_SWEEP_mw10_20260604-140858,40,0.8339
WL_SWEEP_mw10_20260604-140858,41,0.8343
WL_SWEEP_mw10_20260604-140858,42,0.8336
WL_SWEEP_mw10_20260604-140858,43,0.8343
WL_SWEEP_mw10_20260604-140858,44,0.8343
WL_SWEEP_mw10_20260604-140858,45,0.8343
WL_SWEEP_mw10_20260604-140858,46,0.8339
WL_SWEEP_mw10_20260604-140858,47,0.8338
WL_SWEEP_mw10_20260604-140858,48,0.8338
WL_SWEEP_mw10_20260604-140858,49,0.8338
WL_SWEEP_mw10_20260604-153155,0,0.6832
WL_SWEEP_mw10_20260604-153155,1,0.7538
WL_SWEEP_mw10_20260604-153155,2,0.7797
WL_SWEEP_mw10_20260604-153155,3,0.8102
WL_SWEEP_mw10_20260604-153155,4,0.8251
WL_SWEEP_mw10_20260604-153155,5,0.8318
WL_SWEEP_mw10_20260604-153155,6,0.8257
WL_SWEEP_mw10_20260604-153155,7,0.8385
WL_SWEEP_mw10_20260604-153155,8,0.839
WL_SWEEP_mw10_20260604-153155,9,0.8513
WL_SWEEP_mw10_20260604-153155,10,0.8398
WL_SWEEP_mw10_20260604-153155,11,0.8496
WL_SWEEP_mw10_20260604-153155,12,0.8494
WL_SWEEP_mw10_20260604-153155,13,0.8551
WL_SWEEP_mw10_20260604-153155,14,0.8525
WL_SWEEP_mw10_20260604-153155,15,0.8493
WL_SWEEP_mw10_20260604-153155,16,0.8404
WL_SWEEP_mw10_20260604-153155,17,0.8469
WL_SWEEP_mw10_20260604-153155,18,0.8473
WL_SWEEP_mw10_20260604-153155,19,0.8433
WL_SWEEP_mw10_20260604-153155,20,0.8534
WL_SWEEP_mw10_20260604-153155,21,0.8516
WL_SWEEP_mw10_20260604-153155,22,0.8551
WL_SWEEP_mw10_20260604-153155,23,0.8535
WL_SWEEP_mw10_20260604-153155,24,0.856
WL_SWEEP_mw10_20260604-153155,25,0.8575
WL_SWEEP_mw10_20260604-153155,26,0.8518
WL_SWEEP_mw10_20260604-153155,27,0.8522
WL_SWEEP_mw10_20260604-153155,28,0.8523
WL_SWEEP_mw10_20260604-153155,29,0.8532
WL_SWEEP_mw10_20260604-153155,30,0.8548
WL_SWEEP_mw10_20260604-153155,31,0.8559
WL_SWEEP_mw10_20260604-153155,32,0.8586
WL_SWEEP_mw10_20260604-153155,33,0.8563
WL_SWEEP_mw10_20260604-153155,34,0.86
WL_SWEEP_mw10_20260604-153155,35,0.8612
WL_SWEEP_mw10_20260604-153155,36,0.8598
WL_SWEEP_mw10_20260604-153155,37,0.8583
WL_SWEEP_mw10_20260604-153155,38,0.8606
WL_SWEEP_mw10_20260604-153155,39,0.8617
WL_SWEEP_mw10_20260604-153155,40,0.8606
WL_SWEEP_mw10_20260604-153155,41,0.8572
WL_SWEEP_mw10_20260604-153155,42,0.8595
WL_SWEEP_mw10_20260604-153155,43,0.8598
WL_SWEEP_mw10_20260604-153155,44,0.8604
WL_SWEEP_mw10_20260604-153155,45,0.8597
WL_SWEEP_mw10_20260604-153155,46,0.8585
WL_SWEEP_mw10_20260604-153155,47,0.8581
WL_SWEEP_mw10_20260604-153155,48,0.8589
WL_SWEEP_mw10_20260604-153155,49,0.859
WL_SWEEP_mw20_20260604-121914,0,0.7584
WL_SWEEP_mw20_20260604-121914,1,0.8361
WL_SWEEP_mw20_20260604-121914,2,0.8402
WL_SWEEP_mw20_20260604-121914,3,0.8471
WL_SWEEP_mw20_20260604-121914,4,0.8586
WL_SWEEP_mw20_20260604-121914,5,0.868
WL_SWEEP_mw20_20260604-121914,6,0.8671
WL_SWEEP_mw20_20260604-121914,7,0.8791
WL_SWEEP_mw20_20260604-121914,8,0.8807
WL_SWEEP_mw20_20260604-121914,9,0.8829
WL_SWEEP_mw20_20260604-121914,10,0.8813
WL_SWEEP_mw20_20260604-121914,11,0.8856
WL_SWEEP_mw20_20260604-121914,12,0.8927
WL_SWEEP_mw20_20260604-121914,13,0.8893
WL_SWEEP_mw20_20260604-121914,14,0.8895
WL_SWEEP_mw20_20260604-121914,15,0.8963
WL_SWEEP_mw20_20260604-121914,16,0.8918
WL_SWEEP_mw20_20260604-121914,17,0.8898
WL_SWEEP_mw20_20260604-121914,18,0.8934
WL_SWEEP_mw20_20260604-121914,19,0.8954
WL_SWEEP_mw20_20260604-121914,20,0.8992
WL_SWEEP_mw20_20260604-121914,21,0.9018
WL_SWEEP_mw20_20260604-121914,22,0.898
WL_SWEEP_mw20_20260604-121914,23,0.8994
WL_SWEEP_mw20_20260604-121914,24,0.8957
WL_SWEEP_mw20_20260604-121914,25,0.9009
WL_SWEEP_mw20_20260604-121914,26,0.9036
WL_SWEEP_mw20_20260604-121914,27,0.9016
WL_SWEEP_mw20_20260604-121914,28,0.9066
WL_SWEEP_mw20_20260604-121914,29,0.9066
WL_SWEEP_mw20_20260604-121914,30,0.9048
WL_SWEEP_mw20_20260604-121914,31,0.8996
WL_SWEEP_mw20_20260604-121914,32,0.9002
WL_SWEEP_mw20_20260604-121914,33,0.9029
WL_SWEEP_mw20_20260604-121914,34,0.9056
WL_SWEEP_mw20_20260604-121914,35,0.9071
WL_SWEEP_mw20_20260604-121914,36,0.9085
WL_SWEEP_mw20_20260604-121914,37,0.9072
WL_SWEEP_mw20_20260604-121914,38,0.9063
WL_SWEEP_mw20_20260604-121914,39,0.9083
WL_SWEEP_mw20_20260604-121914,40,0.9082
WL_SWEEP_mw20_20260604-121914,41,0.9075
WL_SWEEP_mw20_20260604-121914,42,0.9085
WL_SWEEP_mw20_20260604-121914,43,0.9086
WL_SWEEP_mw20_20260604-121914,44,0.91
WL_SWEEP_mw20_20260604-121914,45,0.9103
WL_SWEEP_mw20_20260604-121914,46,0.9099
WL_SWEEP_mw20_20260604-121914,47,0.9101
WL_SWEEP_mw20_20260604-121914,48,0.9103
WL_SWEEP_mw20_20260604-121914,49,0.9102
WL_SWEEP_mw20_20260604-123922,0,0.8229
WL_SWEEP_mw20_20260604-123922,1,0.8634
WL_SWEEP_mw20_20260604-123922,2,0.876
WL_SWEEP_mw20_20260604-123922,3,0.8772
WL_SWEEP_mw20_20260604-123922,4,0.8946
WL_SWEEP_mw20_20260604-123922,5,0.9087
WL_SWEEP_mw20_20260604-123922,6,0.9064
WL_SWEEP_mw20_20260604-123922,7,0.9058
WL_SWEEP_mw20_20260604-123922,8,0.9056
WL_SWEEP_mw20_20260604-123922,9,0.8885
WL_SWEEP_mw20_20260604-123922,10,0.9103
WL_SWEEP_mw20_20260604-123922,11,0.8973
WL_SWEEP_mw20_20260604-123922,12,0.9175
WL_SWEEP_mw20_20260604-123922,13,0.9168
WL_SWEEP_mw20_20260604-123922,14,0.9116
WL_SWEEP_mw20_20260604-123922,15,0.9104
WL_SWEEP_mw20_20260604-123922,16,0.9219
WL_SWEEP_mw20_20260604-123922,17,0.9085
WL_SWEEP_mw20_20260604-123922,18,0.9073
WL_SWEEP_mw20_20260604-123922,19,0.9166
WL_SWEEP_mw20_20260604-123922,20,0.9137
WL_SWEEP_mw20_20260604-123922,21,0.9175
WL_SWEEP_mw20_20260604-123922,22,0.9137
WL_SWEEP_mw20_20260604-123922,23,0.9121
WL_SWEEP_mw20_20260604-123922,24,0.9147
WL_SWEEP_mw20_20260604-123922,25,0.9205
WL_SWEEP_mw20_20260604-123922,26,0.9164
WL_SWEEP_mw20_20260604-123922,27,0.9248
WL_SWEEP_mw20_20260604-123922,28,0.9207
WL_SWEEP_mw20_20260604-123922,29,0.9229
WL_SWEEP_mw20_20260604-123922,30,0.927
WL_SWEEP_mw20_20260604-123922,31,0.9233
WL_SWEEP_mw20_20260604-123922,32,0.9275
WL_SWEEP_mw20_20260604-123922,33,0.9264
WL_SWEEP_mw20_20260604-123922,34,0.9294
WL_SWEEP_mw20_20260604-123922,35,0.9301
WL_SWEEP_mw20_20260604-123922,36,0.927
WL_SWEEP_mw20_20260604-123922,37,0.9264
WL_SWEEP_mw20_20260604-123922,38,0.925
WL_SWEEP_mw20_20260604-123922,39,0.9246
WL_SWEEP_mw20_20260604-123922,40,0.9286
WL_SWEEP_mw20_20260604-123922,41,0.9265
WL_SWEEP_mw20_20260604-123922,42,0.9261
WL_SWEEP_mw20_20260604-123922,43,0.9282
WL_SWEEP_mw20_20260604-123922,44,0.9284
WL_SWEEP_mw20_20260604-123922,45,0.9293
WL_SWEEP_mw20_20260604-123922,46,0.9298
WL_SWEEP_mw20_20260604-123922,47,0.9297
WL_SWEEP_mw20_20260604-123922,48,0.9295
WL_SWEEP_mw20_20260604-123922,49,0.9294
WL_SWEEP_mw20_20260604-142502,0,0.6981
WL_SWEEP_mw20_20260604-142502,1,0.7593
WL_SWEEP_mw20_20260604-142502,2,0.8015
WL_SWEEP_mw20_20260604-142502,3,0.8234
WL_SWEEP_mw20_20260604-142502,4,0.8419
WL_SWEEP_mw20_20260604-142502,5,0.8528
WL_SWEEP_mw20_20260604-142502,6,0.8683
WL_SWEEP_mw20_20260604-142502,7,0.866
WL_SWEEP_mw20_20260604-142502,8,0.8835
WL_SWEEP_mw20_20260604-142502,9,0.8897
WL_SWEEP_mw20_20260604-142502,10,0.8963
WL_SWEEP_mw20_20260604-142502,11,0.9019
WL_SWEEP_mw20_20260604-142502,12,0.8988
WL_SWEEP_mw20_20260604-142502,13,0.9078
WL_SWEEP_mw20_20260604-142502,14,0.9055
WL_SWEEP_mw20_20260604-142502,15,0.909
WL_SWEEP_mw20_20260604-142502,16,0.908
WL_SWEEP_mw20_20260604-142502,17,0.9106
WL_SWEEP_mw20_20260604-142502,18,0.9151
WL_SWEEP_mw20_20260604-142502,19,0.9127
WL_SWEEP_mw20_20260604-142502,20,0.9141
WL_SWEEP_mw20_20260604-142502,21,0.9167
WL_SWEEP_mw20_20260604-142502,22,0.9175
WL_SWEEP_mw20_20260604-142502,23,0.9178
WL_SWEEP_mw20_20260604-142502,24,0.9191
WL_SWEEP_mw20_20260604-142502,25,0.9174
WL_SWEEP_mw20_20260604-142502,26,0.919
WL_SWEEP_mw20_20260604-142502,27,0.9195
WL_SWEEP_mw20_20260604-142502,28,0.9204
WL_SWEEP_mw20_20260604-142502,29,0.9221
WL_SWEEP_mw20_20260604-142502,30,0.9213
WL_SWEEP_mw20_20260604-142502,31,0.9199
WL_SWEEP_mw20_20260604-142502,32,0.9217
WL_SWEEP_mw20_20260604-142502,33,0.9232
WL_SWEEP_mw20_20260604-142502,34,0.9207
WL_SWEEP_mw20_20260604-142502,35,0.9223
WL_SWEEP_mw20_20260604-142502,36,0.9223
WL_SWEEP_mw20_20260604-142502,37,0.9225
WL_SWEEP_mw20_20260604-142502,38,0.9233
WL_SWEEP_mw20_20260604-142502,39,0.9222
WL_SWEEP_mw20_20260604-142502,40,0.9235
WL_SWEEP_mw20_20260604-142502,41,0.9226
WL_SWEEP_mw20_20260604-142502,42,0.9234
WL_SWEEP_mw20_20260604-142502,43,0.9224
WL_SWEEP_mw20_20260604-142502,44,0.923
WL_SWEEP_mw20_20260604-142502,45,0.9235
WL_SWEEP_mw20_20260604-142502,46,0.9235
WL_SWEEP_mw20_20260604-142502,47,0.9233
WL_SWEEP_mw20_20260604-142502,48,0.9233
WL_SWEEP_mw20_20260604-142502,49,0.9233
WL_SWEEP_mw20_20260604-142536,0,0.6385
WL_SWEEP_mw20_20260604-142536,1,0.6947
WL_SWEEP_mw20_20260604-142536,2,0.73
WL_SWEEP_mw20_20260604-142536,3,0.7505
WL_SWEEP_mw20_20260604-142536,4,0.769
WL_SWEEP_mw20_20260604-142536,5,0.7778
WL_SWEEP_mw20_20260604-142536,6,0.7924
WL_SWEEP_mw20_20260604-142536,7,0.7917
WL_SWEEP_mw20_20260604-142536,8,0.8014
WL_SWEEP_mw20_20260604-142536,9,0.8171
WL_SWEEP_mw20_20260604-142536,10,0.8206
WL_SWEEP_mw20_20260604-142536,11,0.8279
WL_SWEEP_mw20_20260604-142536,12,0.8275
WL_SWEEP_mw20_20260604-142536,13,0.8308
WL_SWEEP_mw20_20260604-142536,14,0.8202
WL_SWEEP_mw20_20260604-142536,15,0.8375
WL_SWEEP_mw20_20260604-142536,16,0.8355
WL_SWEEP_mw20_20260604-142536,17,0.8362
WL_SWEEP_mw20_20260604-142536,18,0.8391
WL_SWEEP_mw20_20260604-142536,19,0.8379
WL_SWEEP_mw20_20260604-142536,20,0.8405
WL_SWEEP_mw20_20260604-142536,21,0.8348
WL_SWEEP_mw20_20260604-142536,22,0.8303
WL_SWEEP_mw20_20260604-142536,23,0.8351
WL_SWEEP_mw20_20260604-142536,24,0.84
WL_SWEEP_mw20_20260604-142536,25,0.8415
WL_SWEEP_mw20_20260604-142536,26,0.8406
WL_SWEEP_mw20_20260604-142536,27,0.8432
WL_SWEEP_mw20_20260604-142536,28,0.8405
WL_SWEEP_mw20_20260604-142536,29,0.8455
WL_SWEEP_mw20_20260604-142536,30,0.8441
WL_SWEEP_mw20_20260604-142536,31,0.8493
WL_SWEEP_mw20_20260604-142536,32,0.8481
WL_SWEEP_mw20_20260604-142536,33,0.8513
WL_SWEEP_mw20_20260604-142536,34,0.8486
WL_SWEEP_mw20_20260604-142536,35,0.8447
WL_SWEEP_mw20_20260604-142536,36,0.8447
WL_SWEEP_mw20_20260604-142536,37,0.8464
WL_SWEEP_mw20_20260604-142536,38,0.8488
WL_SWEEP_mw20_20260604-142536,39,0.849
WL_SWEEP_mw20_20260604-142536,40,0.8484
WL_SWEEP_mw20_20260604-142536,41,0.8458
WL_SWEEP_mw20_20260604-142536,42,0.8453
WL_SWEEP_mw20_20260604-142536,43,0.8477
WL_SWEEP_mw20_20260604-142536,44,0.8476
WL_SWEEP_mw20_20260604-142536,45,0.8463
WL_SWEEP_mw20_20260604-142536,46,0.847
WL_SWEEP_mw20_20260604-142536,47,0.8466
WL_SWEEP_mw20_20260604-142536,48,0.8468
WL_SWEEP_mw20_20260604-142550,0,0.6573
WL_SWEEP_mw20_20260604-142550,1,0.6749
WL_SWEEP_mw20_20260604-142550,2,0.7016
WL_SWEEP_mw20_20260604-142550,3,0.7235
WL_SWEEP_mw20_20260604-142550,4,0.7454
WL_SWEEP_mw20_20260604-142550,5,0.7544
WL_SWEEP_mw20_20260604-142550,6,0.7599
WL_SWEEP_mw20_20260604-142550,7,0.7672
WL_SWEEP_mw20_20260604-142550,8,0.7806
WL_SWEEP_mw20_20260604-142550,9,0.7886
WL_SWEEP_mw20_20260604-142550,10,0.789
WL_SWEEP_mw20_20260604-142550,11,0.7936
WL_SWEEP_mw20_20260604-142550,12,0.7993
WL_SWEEP_mw20_20260604-142550,13,0.8039
WL_SWEEP_mw20_20260604-142550,14,0.8093
WL_SWEEP_mw20_20260604-142550,15,0.8125
WL_SWEEP_mw20_20260604-142550,16,0.8157
WL_SWEEP_mw20_20260604-142550,17,0.8156
WL_SWEEP_mw20_20260604-142550,18,0.8147
WL_SWEEP_mw20_20260604-142550,19,0.8242
WL_SWEEP_mw20_20260604-142550,20,0.825
WL_SWEEP_mw20_20260604-142550,21,0.8253
WL_SWEEP_mw20_20260604-142550,22,0.828
WL_SWEEP_mw20_20260604-142550,23,0.827
WL_SWEEP_mw20_20260604-142550,24,0.8253
WL_SWEEP_mw20_20260604-142550,25,0.8274
WL_SWEEP_mw20_20260604-142550,26,0.8283
WL_SWEEP_mw20_20260604-142550,27,0.8299
WL_SWEEP_mw20_20260604-142550,28,0.8338
WL_SWEEP_mw20_20260604-142550,29,0.8352
WL_SWEEP_mw20_20260604-142550,30,0.8314
WL_SWEEP_mw20_20260604-142550,31,0.8323
WL_SWEEP_mw20_20260604-142550,32,0.8344
WL_SWEEP_mw20_20260604-142550,33,0.8346
WL_SWEEP_mw20_20260604-142550,34,0.833
WL_SWEEP_mw20_20260604-142550,35,0.8338
WL_SWEEP_mw20_20260604-142550,36,0.8351
WL_SWEEP_mw20_20260604-142550,37,0.8347
WL_SWEEP_mw20_20260604-142550,38,0.8354
WL_SWEEP_mw20_20260604-142550,39,0.8367
WL_SWEEP_mw20_20260604-142550,40,0.836
WL_SWEEP_mw20_20260604-142550,41,0.8367
WL_SWEEP_mw20_20260604-142550,42,0.8362
WL_SWEEP_mw20_20260604-142550,43,0.8368
WL_SWEEP_mw20_20260604-142550,44,0.837
WL_SWEEP_mw20_20260604-142550,45,0.8372
WL_SWEEP_mw20_20260604-142550,46,0.8375
WL_SWEEP_mw20_20260604-142550,47,0.8376
WL_SWEEP_mw20_20260604-142550,48,0.8375
WL_SWEEP_mw20_20260604-142550,49,0.8375
WL_SWEEP_mw20_20260604-154154,0,0.6495
WL_SWEEP_mw20_20260604-154154,1,0.7325
WL_SWEEP_mw20_20260604-154154,2,0.7679
WL_SWEEP_mw20_20260604-154154,3,0.7924
WL_SWEEP_mw20_20260604-154154,4,0.8064
WL_SWEEP_mw20_20260604-154154,5,0.8279
WL_SWEEP_mw20_20260604-154154,6,0.8315
WL_SWEEP_mw20_20260604-154154,7,0.8416
WL_SWEEP_mw20_20260604-154154,8,0.8409
WL_SWEEP_mw20_20260604-154154,9,0.8491
WL_SWEEP_mw20_20260604-154154,10,0.8304
WL_SWEEP_mw20_20260604-154154,11,0.8373
WL_SWEEP_mw20_20260604-154154,12,0.8526
WL_SWEEP_mw20_20260604-154154,13,0.8481
WL_SWEEP_mw20_20260604-154154,14,0.8454
WL_SWEEP_mw20_20260604-154154,15,0.8541
WL_SWEEP_mw20_20260604-154154,16,0.8507
WL_SWEEP_mw20_20260604-154154,17,0.8407
WL_SWEEP_mw20_20260604-154154,18,0.8531
WL_SWEEP_mw20_20260604-154154,19,0.8524
WL_SWEEP_mw20_20260604-154154,20,0.8541
WL_SWEEP_mw20_20260604-154154,21,0.8488
WL_SWEEP_mw20_20260604-154154,22,0.8513
WL_SWEEP_mw20_20260604-154154,23,0.8524
WL_SWEEP_mw20_20260604-154154,24,0.8495
WL_SWEEP_mw20_20260604-154154,25,0.8544
WL_SWEEP_mw20_20260604-154154,26,0.8552
WL_SWEEP_mw20_20260604-154154,27,0.8509
WL_SWEEP_mw20_20260604-154154,28,0.8493
WL_SWEEP_mw20_20260604-154154,29,0.8529
WL_SWEEP_mw20_20260604-154154,30,0.8482
WL_SWEEP_mw20_20260604-154154,31,0.8554
WL_SWEEP_mw20_20260604-154154,32,0.8562
WL_SWEEP_mw20_20260604-154154,33,0.851
WL_SWEEP_mw20_20260604-154154,34,0.8564
WL_SWEEP_mw20_20260604-154154,35,0.8551
WL_SWEEP_mw20_20260604-154154,36,0.8547
WL_SWEEP_mw20_20260604-154154,37,0.8584
WL_SWEEP_mw20_20260604-154154,38,0.8533
WL_SWEEP_mw20_20260604-154154,39,0.8559
WL_SWEEP_mw20_20260604-154154,40,0.8599
WL_SWEEP_mw20_20260604-154154,41,0.8576
WL_SWEEP_mw20_20260604-154154,42,0.8573
WL_SWEEP_mw20_20260604-154154,43,0.8575
WL_SWEEP_mw20_20260604-154154,44,0.8552
WL_SWEEP_mw20_20260604-154154,45,0.8565
WL_SWEEP_mw20_20260604-154154,46,0.8576
WL_SWEEP_mw20_20260604-154154,47,0.8568
WL_SWEEP_mw20_20260604-154154,48,0.8565
WL_SWEEP_mw20_20260604-154154,49,0.8564
WL_SWEEP_mw40_20260604-123143,0,0.7104
WL_SWEEP_mw40_20260604-123143,1,0.8155
WL_SWEEP_mw40_20260604-123143,2,0.8275
WL_SWEEP_mw40_20260604-123143,3,0.8307
WL_SWEEP_mw40_20260604-123143,4,0.8468
WL_SWEEP_mw40_20260604-123143,5,0.8591
WL_SWEEP_mw40_20260604-123143,6,0.8607
WL_SWEEP_mw40_20260604-123143,7,0.8671
WL_SWEEP_mw40_20260604-123143,8,0.8645
WL_SWEEP_mw40_20260604-123143,9,0.8778
WL_SWEEP_mw40_20260604-123143,10,0.8762
WL_SWEEP_mw40_20260604-123143,11,0.8809
WL_SWEEP_mw40_20260604-123143,12,0.8884
WL_SWEEP_mw40_20260604-123143,13,0.8807
WL_SWEEP_mw40_20260604-123143,14,0.8794
WL_SWEEP_mw40_20260604-123143,15,0.8821
WL_SWEEP_mw40_20260604-123143,16,0.883
WL_SWEEP_mw40_20260604-123143,17,0.8863
WL_SWEEP_mw40_20260604-123143,18,0.8927
WL_SWEEP_mw40_20260604-123143,19,0.8902
WL_SWEEP_mw40_20260604-123143,20,0.8903
WL_SWEEP_mw40_20260604-123143,21,0.8924
WL_SWEEP_mw40_20260604-123143,22,0.8925
WL_SWEEP_mw40_20260604-123143,23,0.8952
WL_SWEEP_mw40_20260604-123143,24,0.8924
WL_SWEEP_mw40_20260604-123143,25,0.903
WL_SWEEP_mw40_20260604-123143,26,0.9037
WL_SWEEP_mw40_20260604-123143,27,0.901
WL_SWEEP_mw40_20260604-123143,28,0.9011
WL_SWEEP_mw40_20260604-123143,29,0.9081
WL_SWEEP_mw40_20260604-123143,30,0.9052
WL_SWEEP_mw40_20260604-123143,31,0.9037
WL_SWEEP_mw40_20260604-123143,32,0.9033
WL_SWEEP_mw40_20260604-123143,33,0.9031
WL_SWEEP_mw40_20260604-123143,34,0.9045
WL_SWEEP_mw40_20260604-123143,35,0.9057
WL_SWEEP_mw40_20260604-123143,36,0.9088
WL_SWEEP_mw40_20260604-123143,37,0.9059
WL_SWEEP_mw40_20260604-123143,38,0.9041
WL_SWEEP_mw40_20260604-123143,39,0.9057
WL_SWEEP_mw40_20260604-123143,40,0.9068
WL_SWEEP_mw40_20260604-123143,41,0.9065
WL_SWEEP_mw40_20260604-123143,42,0.9081
WL_SWEEP_mw40_20260604-123143,43,0.9087
WL_SWEEP_mw40_20260604-123143,44,0.9101
WL_SWEEP_mw40_20260604-123143,45,0.9101
WL_SWEEP_mw40_20260604-123143,46,0.9112
WL_SWEEP_mw40_20260604-123143,47,0.911
WL_SWEEP_mw40_20260604-123143,48,0.9112
WL_SWEEP_mw40_20260604-123143,49,0.9111
WL_SWEEP_mw40_20260604-125513,0,0.7659
WL_SWEEP_mw40_20260604-125513,1,0.8544
WL_SWEEP_mw40_20260604-125513,2,0.863
WL_SWEEP_mw40_20260604-125513,3,0.866
WL_SWEEP_mw40_20260604-125513,4,0.8816
WL_SWEEP_mw40_20260604-125513,5,0.8958
WL_SWEEP_mw40_20260604-125513,6,0.9069
WL_SWEEP_mw40_20260604-125513,7,0.905
WL_SWEEP_mw40_20260604-125513,8,0.9107
WL_SWEEP_mw40_20260604-125513,9,0.8743
WL_SWEEP_mw40_20260604-125513,10,0.8921
WL_SWEEP_mw40_20260604-125513,11,0.8978
WL_SWEEP_mw40_20260604-125513,12,0.9137
WL_SWEEP_mw40_20260604-125513,13,0.923
WL_SWEEP_mw40_20260604-125513,14,0.9064
WL_SWEEP_mw40_20260604-125513,15,0.914
WL_SWEEP_mw40_20260604-125513,16,0.9188
WL_SWEEP_mw40_20260604-125513,17,0.9089
WL_SWEEP_mw40_20260604-125513,18,0.9095
WL_SWEEP_mw40_20260604-125513,19,0.9154
WL_SWEEP_mw40_20260604-125513,20,0.913
WL_SWEEP_mw40_20260604-125513,21,0.9182
WL_SWEEP_mw40_20260604-125513,22,0.9142
WL_SWEEP_mw40_20260604-125513,23,0.9136
WL_SWEEP_mw40_20260604-125513,24,0.92
WL_SWEEP_mw40_20260604-125513,25,0.9223
WL_SWEEP_mw40_20260604-125513,26,0.9209
WL_SWEEP_mw40_20260604-125513,27,0.9259
WL_SWEEP_mw40_20260604-125513,28,0.9221
WL_SWEEP_mw40_20260604-125513,29,0.924
WL_SWEEP_mw40_20260604-125513,30,0.9268
WL_SWEEP_mw40_20260604-125513,31,0.9192
WL_SWEEP_mw40_20260604-125513,32,0.9257
WL_SWEEP_mw40_20260604-125513,33,0.9283
WL_SWEEP_mw40_20260604-125513,34,0.9311
WL_SWEEP_mw40_20260604-125513,35,0.9303
WL_SWEEP_mw40_20260604-125513,36,0.9267
WL_SWEEP_mw40_20260604-125513,37,0.9229
WL_SWEEP_mw40_20260604-125513,38,0.9232
WL_SWEEP_mw40_20260604-125513,39,0.9291
WL_SWEEP_mw40_20260604-125513,40,0.9295
WL_SWEEP_mw40_20260604-125513,41,0.927
WL_SWEEP_mw40_20260604-125513,42,0.9268
WL_SWEEP_mw40_20260604-125513,43,0.9277
WL_SWEEP_mw40_20260604-125513,44,0.9272
WL_SWEEP_mw40_20260604-125513,45,0.9292
WL_SWEEP_mw40_20260604-125513,46,0.9294
WL_SWEEP_mw40_20260604-125513,47,0.9299
WL_SWEEP_mw40_20260604-125513,48,0.9299
WL_SWEEP_mw40_20260604-125513,49,0.9298
WL_SWEEP_mw40_20260604-144245,0,0.6941
WL_SWEEP_mw40_20260604-144245,1,0.7466
WL_SWEEP_mw40_20260604-144245,2,0.7826
WL_SWEEP_mw40_20260604-144245,3,0.795
WL_SWEEP_mw40_20260604-144245,4,0.8091
WL_SWEEP_mw40_20260604-144245,5,0.8367
WL_SWEEP_mw40_20260604-144245,6,0.8475
WL_SWEEP_mw40_20260604-144245,7,0.8543
WL_SWEEP_mw40_20260604-144245,8,0.8642
WL_SWEEP_mw40_20260604-144245,9,0.8695
WL_SWEEP_mw40_20260604-144245,10,0.8725
WL_SWEEP_mw40_20260604-144245,11,0.8824
WL_SWEEP_mw40_20260604-144245,12,0.8842
WL_SWEEP_mw40_20260604-144245,13,0.8902
WL_SWEEP_mw40_20260604-144245,14,0.8888
WL_SWEEP_mw40_20260604-144245,15,0.897
WL_SWEEP_mw40_20260604-144245,16,0.8967
WL_SWEEP_mw40_20260604-144245,17,0.9013
WL_SWEEP_mw40_20260604-144245,18,0.9019
WL_SWEEP_mw40_20260604-144245,19,0.9054
WL_SWEEP_mw40_20260604-144245,20,0.9073
WL_SWEEP_mw40_20260604-144245,21,0.9086
WL_SWEEP_mw40_20260604-144245,22,0.9092
WL_SWEEP_mw40_20260604-144245,23,0.9144
WL_SWEEP_mw40_20260604-144245,24,0.9109
WL_SWEEP_mw40_20260604-144245,25,0.9147
WL_SWEEP_mw40_20260604-144245,26,0.9146
WL_SWEEP_mw40_20260604-144245,27,0.9193
WL_SWEEP_mw40_20260604-144245,28,0.9164
WL_SWEEP_mw40_20260604-144245,29,0.9171
WL_SWEEP_mw40_20260604-144245,30,0.918
WL_SWEEP_mw40_20260604-144245,31,0.9199
WL_SWEEP_mw40_20260604-144245,32,0.9185
WL_SWEEP_mw40_20260604-144245,33,0.9211
WL_SWEEP_mw40_20260604-144245,34,0.9213
WL_SWEEP_mw40_20260604-144245,35,0.9213
WL_SWEEP_mw40_20260604-144245,36,0.9214
WL_SWEEP_mw40_20260604-144245,37,0.9224
WL_SWEEP_mw40_20260604-144245,38,0.9227
WL_SWEEP_mw40_20260604-144245,39,0.9225
WL_SWEEP_mw40_20260604-144245,40,0.9231
WL_SWEEP_mw40_20260604-144245,41,0.9229
WL_SWEEP_mw40_20260604-144245,42,0.9234
WL_SWEEP_mw40_20260604-144245,43,0.9233
WL_SWEEP_mw40_20260604-144245,44,0.9232
WL_SWEEP_mw40_20260604-144245,45,0.9233
WL_SWEEP_mw40_20260604-144245,46,0.9235
WL_SWEEP_mw40_20260604-144245,47,0.9233
WL_SWEEP_mw40_20260604-144245,48,0.9235
WL_SWEEP_mw40_20260604-144245,49,0.9235
WL_SWEEP_mw40_20260604-144257,0,0.6532
WL_SWEEP_mw40_20260604-144257,1,0.6902
WL_SWEEP_mw40_20260604-144257,2,0.7264
WL_SWEEP_mw40_20260604-144257,3,0.7394
WL_SWEEP_mw40_20260604-144257,4,0.7511
WL_SWEEP_mw40_20260604-144257,5,0.7736
WL_SWEEP_mw40_20260604-144257,6,0.7816
WL_SWEEP_mw40_20260604-144257,7,0.7977
WL_SWEEP_mw40_20260604-144257,8,0.8045
WL_SWEEP_mw40_20260604-144257,9,0.8044
WL_SWEEP_mw40_20260604-144257,10,0.8073
WL_SWEEP_mw40_20260604-144257,11,0.8178
WL_SWEEP_mw40_20260604-144257,12,0.8128
WL_SWEEP_mw40_20260604-144257,13,0.8278
WL_SWEEP_mw40_20260604-144257,14,0.8285
WL_SWEEP_mw40_20260604-144257,15,0.8261
WL_SWEEP_mw40_20260604-144257,16,0.8201
WL_SWEEP_mw40_20260604-144257,17,0.8233
WL_SWEEP_mw40_20260604-144257,18,0.8262
WL_SWEEP_mw40_20260604-144257,19,0.8335
WL_SWEEP_mw40_20260604-144257,20,0.8429
WL_SWEEP_mw40_20260604-144257,21,0.8369
WL_SWEEP_mw40_20260604-144257,22,0.8328
WL_SWEEP_mw40_20260604-144257,23,0.8368
WL_SWEEP_mw40_20260604-144257,24,0.8426
WL_SWEEP_mw40_20260604-144257,25,0.841
WL_SWEEP_mw40_20260604-144257,26,0.8406
WL_SWEEP_mw40_20260604-144257,27,0.8434
WL_SWEEP_mw40_20260604-144257,28,0.8395
WL_SWEEP_mw40_20260604-144257,29,0.8414
WL_SWEEP_mw40_20260604-144257,30,0.8501
WL_SWEEP_mw40_20260604-144257,31,0.8458
WL_SWEEP_mw40_20260604-144257,32,0.8455
WL_SWEEP_mw40_20260604-144257,33,0.8467
WL_SWEEP_mw40_20260604-144257,34,0.8448
WL_SWEEP_mw40_20260604-144257,35,0.8486
WL_SWEEP_mw40_20260604-144257,36,0.8475
WL_SWEEP_mw40_20260604-144257,37,0.8458
WL_SWEEP_mw40_20260604-144257,38,0.8446
WL_SWEEP_mw40_20260604-144257,39,0.8473
WL_SWEEP_mw40_20260604-144257,40,0.8477
WL_SWEEP_mw40_20260604-144257,41,0.8483
WL_SWEEP_mw40_20260604-144257,42,0.85
WL_SWEEP_mw40_20260604-144257,43,0.8482
WL_SWEEP_mw40_20260604-144257,44,0.8496
WL_SWEEP_mw40_20260604-144257,45,0.8477
WL_SWEEP_mw40_20260604-144329,0,0.7208
WL_SWEEP_mw40_20260604-144329,1,0.7346
WL_SWEEP_mw40_20260604-144329,2,0.7607
WL_SWEEP_mw40_20260604-144329,3,0.7734
WL_SWEEP_mw40_20260604-144329,4,0.786
WL_SWEEP_mw40_20260604-144329,5,0.7924
WL_SWEEP_mw40_20260604-144329,6,0.8061
WL_SWEEP_mw40_20260604-144329,7,0.815
WL_SWEEP_mw40_20260604-144329,8,0.8196
WL_SWEEP_mw40_20260604-144329,9,0.8256
WL_SWEEP_mw40_20260604-144329,10,0.828
WL_SWEEP_mw40_20260604-144329,11,0.8345
WL_SWEEP_mw40_20260604-144329,12,0.8355
WL_SWEEP_mw40_20260604-144329,13,0.8374
WL_SWEEP_mw40_20260604-144329,14,0.8366
WL_SWEEP_mw40_20260604-144329,15,0.8424
WL_SWEEP_mw40_20260604-144329,16,0.8435
WL_SWEEP_mw40_20260604-144329,17,0.8449
WL_SWEEP_mw40_20260604-144329,18,0.8482
WL_SWEEP_mw40_20260604-144329,19,0.851
WL_SWEEP_mw40_20260604-144329,20,0.8529
WL_SWEEP_mw40_20260604-144329,21,0.8531
WL_SWEEP_mw40_20260604-144329,22,0.8531
WL_SWEEP_mw40_20260604-144329,23,0.8538
WL_SWEEP_mw40_20260604-144329,24,0.8566
WL_SWEEP_mw40_20260604-144329,25,0.8581
WL_SWEEP_mw40_20260604-144329,26,0.8581
WL_SWEEP_mw40_20260604-144329,27,0.8557
WL_SWEEP_mw40_20260604-144329,28,0.8594
WL_SWEEP_mw40_20260604-144329,29,0.8598
WL_SWEEP_mw40_20260604-144329,30,0.8617
WL_SWEEP_mw40_20260604-144329,31,0.861
WL_SWEEP_mw40_20260604-144329,32,0.8607
WL_SWEEP_mw40_20260604-144329,33,0.8609
WL_SWEEP_mw40_20260604-144329,34,0.8615
WL_SWEEP_mw40_20260604-144329,35,0.8626
WL_SWEEP_mw40_20260604-144329,36,0.8628
WL_SWEEP_mw40_20260604-144329,37,0.8633
WL_SWEEP_mw40_20260604-144329,38,0.8635
WL_SWEEP_mw40_20260604-144329,39,0.8625
WL_SWEEP_mw40_20260604-144329,40,0.8622
WL_SWEEP_mw40_20260604-144329,41,0.8624
WL_SWEEP_mw40_20260604-144329,42,0.8626
WL_SWEEP_mw40_20260604-144329,43,0.8633
WL_SWEEP_mw40_20260604-144329,44,0.8635
WL_SWEEP_mw40_20260604-144329,45,0.8638
WL_SWEEP_mw40_20260604-144329,46,0.8639
WL_SWEEP_mw40_20260604-144329,47,0.8639
WL_SWEEP_mw40_20260604-144329,48,0.8639
WL_SWEEP_mw40_20260604-144329,49,0.8638
WL_SWEEP_mw40_20260604-155209,0,0.6301
WL_SWEEP_mw40_20260604-155209,1,0.7046
WL_SWEEP_mw40_20260604-155209,2,0.7411
WL_SWEEP_mw40_20260604-155209,3,0.7689
WL_SWEEP_mw40_20260604-155209,4,0.7895
WL_SWEEP_mw40_20260604-155209,5,0.8119
WL_SWEEP_mw40_20260604-155209,6,0.8144
WL_SWEEP_mw40_20260604-155209,7,0.8226
WL_SWEEP_mw40_20260604-155209,8,0.8233
WL_SWEEP_mw40_20260604-155209,9,0.8425
WL_SWEEP_mw40_20260604-155209,10,0.841
WL_SWEEP_mw40_20260604-155209,11,0.8403
WL_SWEEP_mw40_20260604-155209,12,0.8423
WL_SWEEP_mw40_20260604-155209,13,0.8447
WL_SWEEP_mw40_20260604-155209,14,0.8296
WL_SWEEP_mw40_20260604-155209,15,0.8489
WL_SWEEP_mw40_20260604-155209,16,0.8476
WL_SWEEP_mw40_20260604-155209,17,0.8551
WL_SWEEP_mw40_20260604-155209,18,0.8488
WL_SWEEP_mw40_20260604-155209,19,0.8501
WL_SWEEP_mw40_20260604-155209,20,0.851
WL_SWEEP_mw40_20260604-155209,21,0.8455
WL_SWEEP_mw40_20260604-155209,22,0.8536
WL_SWEEP_mw40_20260604-155209,23,0.8477
WL_SWEEP_mw40_20260604-155209,24,0.8522
WL_SWEEP_mw40_20260604-155209,25,0.8508
WL_SWEEP_mw40_20260604-155209,26,0.8507
WL_SWEEP_mw40_20260604-155209,27,0.8502
WL_SWEEP_mw40_20260604-155209,28,0.8452
WL_SWEEP_mw40_20260604-155209,29,0.8538
WL_SWEEP_mw40_20260604-155209,30,0.8507
WL_SWEEP_mw40_20260604-155209,31,0.851
WL_SWEEP_mw40_20260604-155209,32,0.8523
WL_SWEEP_mw5_20260604-121914,0,0.8406
WL_SWEEP_mw5_20260604-121914,1,0.8607
WL_SWEEP_mw5_20260604-121914,2,0.8801
WL_SWEEP_mw5_20260604-121914,3,0.8813
WL_SWEEP_mw5_20260604-121914,4,0.9004
WL_SWEEP_mw5_20260604-121914,5,0.9049
WL_SWEEP_mw5_20260604-121914,6,0.9035
WL_SWEEP_mw5_20260604-121914,7,0.9058
WL_SWEEP_mw5_20260604-121914,8,0.9069
WL_SWEEP_mw5_20260604-121914,9,0.8886
WL_SWEEP_mw5_20260604-121914,10,0.9049
WL_SWEEP_mw5_20260604-121914,11,0.9075
WL_SWEEP_mw5_20260604-121914,12,0.9182
WL_SWEEP_mw5_20260604-121914,13,0.9138
WL_SWEEP_mw5_20260604-121914,14,0.9018
WL_SWEEP_mw5_20260604-121914,15,0.9043
WL_SWEEP_mw5_20260604-121914,16,0.915
WL_SWEEP_mw5_20260604-121914,17,0.8978
WL_SWEEP_mw5_20260604-121914,18,0.9019
WL_SWEEP_mw5_20260604-121914,19,0.899
WL_SWEEP_mw5_20260604-121914,20,0.9055
WL_SWEEP_mw5_20260604-121914,21,0.9025
WL_SWEEP_mw5_20260604-121914,22,0.9015
WL_SWEEP_mw5_20260604-121914,23,0.9025
WL_SWEEP_mw5_20260604-121914,24,0.9011
WL_SWEEP_mw5_20260604-121914,25,0.9036
WL_SWEEP_mw5_20260604-121914,26,0.9114
WL_SWEEP_mw5_20260604-121914,27,0.9142
WL_SWEEP_mw5_20260604-133031,0,0.8118
WL_SWEEP_mw5_20260604-133031,1,0.8344
WL_SWEEP_mw5_20260604-133031,2,0.8499
WL_SWEEP_mw5_20260604-133031,3,0.8525
WL_SWEEP_mw5_20260604-133031,4,0.872
WL_SWEEP_mw5_20260604-133031,5,0.8765
WL_SWEEP_mw5_20260604-133031,6,0.8804
WL_SWEEP_mw5_20260604-133031,7,0.8804
WL_SWEEP_mw5_20260604-133031,8,0.8861
WL_SWEEP_mw5_20260604-133031,9,0.8758
WL_SWEEP_mw5_20260604-133031,10,0.8747
WL_SWEEP_mw5_20260604-133031,11,0.8813
WL_SWEEP_mw5_20260604-133031,12,0.8915
WL_SWEEP_mw5_20260604-133031,13,0.8952
WL_SWEEP_mw5_20260604-133031,14,0.8869
WL_SWEEP_mw5_20260604-133031,15,0.8935
WL_SWEEP_mw5_20260604-133031,16,0.8895
WL_SWEEP_mw5_20260604-133031,17,0.8875
WL_SWEEP_mw5_20260604-133031,18,0.8869
WL_SWEEP_mw5_20260604-133031,19,0.895
WL_SWEEP_mw5_20260604-133031,20,0.8936
WL_SWEEP_mw5_20260604-133031,21,0.8854
WL_SWEEP_mw5_20260604-133031,22,0.8857
WL_SWEEP_mw5_20260604-133031,23,0.89
WL_SWEEP_mw5_20260604-133031,24,0.8894
WL_SWEEP_mw5_20260604-133031,25,0.8957
WL_SWEEP_mw5_20260604-133031,26,0.8894
WL_SWEEP_mw5_20260604-133031,27,0.8974
WL_SWEEP_mw5_20260604-133031,28,0.8955
WL_SWEEP_mw5_20260604-133031,29,0.8981
WL_SWEEP_mw5_20260604-133031,30,0.8987
WL_SWEEP_mw5_20260604-133031,31,0.8949
WL_SWEEP_mw5_20260604-133031,32,0.8953
WL_SWEEP_mw5_20260604-133031,33,0.8942
WL_SWEEP_mw5_20260604-133031,34,0.8963
WL_SWEEP_mw5_20260604-133031,35,0.9003
WL_SWEEP_mw5_20260604-133031,36,0.9011
WL_SWEEP_mw5_20260604-133031,37,0.899
WL_SWEEP_mw5_20260604-133031,38,0.8995
WL_SWEEP_mw5_20260604-133031,39,0.9
WL_SWEEP_mw5_20260604-133031,40,0.9042
WL_SWEEP_mw5_20260604-133031,41,0.9031
WL_SWEEP_mw5_20260604-133031,42,0.9027
WL_SWEEP_mw5_20260604-133031,43,0.9035
WL_SWEEP_mw5_20260604-133031,44,0.9043
WL_SWEEP_mw5_20260604-133031,45,0.9039
WL_SWEEP_mw5_20260604-133031,46,0.904
WL_SWEEP_mw5_20260604-133031,47,0.9038
WL_SWEEP_mw5_20260604-133031,48,0.9042
WL_SWEEP_mw5_20260604-133031,49,0.9041
WL_SWEEP_mw5_20260604-135240,0,0.6296
WL_SWEEP_mw5_20260604-135240,0,0.7098
WL_SWEEP_mw5_20260604-135240,0,0.7394
WL_SWEEP_mw5_20260604-135240,1,0.6849
WL_SWEEP_mw5_20260604-135240,1,0.7344
WL_SWEEP_mw5_20260604-135240,1,0.8068
WL_SWEEP_mw5_20260604-135240,2,0.7086
WL_SWEEP_mw5_20260604-135240,2,0.7597
WL_SWEEP_mw5_20260604-135240,2,0.8311
WL_SWEEP_mw5_20260604-135240,3,0.731
WL_SWEEP_mw5_20260604-135240,3,0.7752
WL_SWEEP_mw5_20260604-135240,3,0.8441
WL_SWEEP_mw5_20260604-135240,4,0.7509
WL_SWEEP_mw5_20260604-135240,4,0.7768
WL_SWEEP_mw5_20260604-135240,4,0.856
WL_SWEEP_mw5_20260604-135240,5,0.7568
WL_SWEEP_mw5_20260604-135240,5,0.7875
WL_SWEEP_mw5_20260604-135240,5,0.8584
WL_SWEEP_mw5_20260604-135240,6,0.7687
WL_SWEEP_mw5_20260604-135240,6,0.7925
WL_SWEEP_mw5_20260604-135240,6,0.8643
WL_SWEEP_mw5_20260604-135240,7,0.7746
WL_SWEEP_mw5_20260604-135240,7,0.7948
WL_SWEEP_mw5_20260604-135240,7,0.8629
WL_SWEEP_mw5_20260604-135240,8,0.783
WL_SWEEP_mw5_20260604-135240,8,0.8033
WL_SWEEP_mw5_20260604-135240,8,0.8698
WL_SWEEP_mw5_20260604-135240,9,0.7888
WL_SWEEP_mw5_20260604-135240,9,0.8171
WL_SWEEP_mw5_20260604-135240,9,0.872
WL_SWEEP_mw5_20260604-135240,10,0.7921
WL_SWEEP_mw5_20260604-135240,10,0.8133
WL_SWEEP_mw5_20260604-135240,10,0.8688
WL_SWEEP_mw5_20260604-135240,11,0.7981
WL_SWEEP_mw5_20260604-135240,11,0.8165
WL_SWEEP_mw5_20260604-135240,11,0.8715
WL_SWEEP_mw5_20260604-135240,12,0.799
WL_SWEEP_mw5_20260604-135240,12,0.814
WL_SWEEP_mw5_20260604-135240,12,0.8711
WL_SWEEP_mw5_20260604-135240,13,0.8045
WL_SWEEP_mw5_20260604-135240,13,0.8284
WL_SWEEP_mw5_20260604-135240,13,0.8768
WL_SWEEP_mw5_20260604-135240,14,0.8062
WL_SWEEP_mw5_20260604-135240,14,0.8278
WL_SWEEP_mw5_20260604-135240,14,0.8772
WL_SWEEP_mw5_20260604-135240,15,0.8112
WL_SWEEP_mw5_20260604-135240,15,0.8236
WL_SWEEP_mw5_20260604-135240,15,0.8737
WL_SWEEP_mw5_20260604-135240,16,0.8135
WL_SWEEP_mw5_20260604-135240,16,0.8349
WL_SWEEP_mw5_20260604-135240,16,0.8744
WL_SWEEP_mw5_20260604-135240,17,0.8149
WL_SWEEP_mw5_20260604-135240,17,0.8315
WL_SWEEP_mw5_20260604-135240,17,0.8761
WL_SWEEP_mw5_20260604-135240,18,0.8184
WL_SWEEP_mw5_20260604-135240,18,0.8372
WL_SWEEP_mw5_20260604-135240,18,0.8807
WL_SWEEP_mw5_20260604-135240,19,0.8171
WL_SWEEP_mw5_20260604-135240,19,0.8332
WL_SWEEP_mw5_20260604-135240,19,0.8763
WL_SWEEP_mw5_20260604-135240,20,0.818
WL_SWEEP_mw5_20260604-135240,20,0.8272
WL_SWEEP_mw5_20260604-135240,20,0.8794
WL_SWEEP_mw5_20260604-135240,21,0.8226
WL_SWEEP_mw5_20260604-135240,21,0.8326
WL_SWEEP_mw5_20260604-135240,21,0.8808
WL_SWEEP_mw5_20260604-135240,22,0.8218
WL_SWEEP_mw5_20260604-135240,22,0.8392
WL_SWEEP_mw5_20260604-135240,22,0.8836
WL_SWEEP_mw5_20260604-135240,23,0.8255
WL_SWEEP_mw5_20260604-135240,23,0.8306
WL_SWEEP_mw5_20260604-135240,23,0.8812
WL_SWEEP_mw5_20260604-135240,24,0.8241
WL_SWEEP_mw5_20260604-135240,24,0.8256
WL_SWEEP_mw5_20260604-135240,24,0.8795
WL_SWEEP_mw5_20260604-135240,25,0.827
WL_SWEEP_mw5_20260604-135240,25,0.8278
WL_SWEEP_mw5_20260604-135240,25,0.8776
WL_SWEEP_mw5_20260604-135240,26,0.8295
WL_SWEEP_mw5_20260604-135240,26,0.8345
WL_SWEEP_mw5_20260604-135240,26,0.8812
WL_SWEEP_mw5_20260604-135240,27,0.8276
WL_SWEEP_mw5_20260604-135240,27,0.8421
WL_SWEEP_mw5_20260604-135240,27,0.883
WL_SWEEP_mw5_20260604-135240,28,0.8284
WL_SWEEP_mw5_20260604-135240,28,0.8448
WL_SWEEP_mw5_20260604-135240,28,0.8781
WL_SWEEP_mw5_20260604-135240,29,0.8306
WL_SWEEP_mw5_20260604-135240,29,0.8454
WL_SWEEP_mw5_20260604-135240,29,0.8805
WL_SWEEP_mw5_20260604-135240,30,0.8299
WL_SWEEP_mw5_20260604-135240,30,0.8415
WL_SWEEP_mw5_20260604-135240,30,0.8819
WL_SWEEP_mw5_20260604-135240,31,0.8311
WL_SWEEP_mw5_20260604-135240,31,0.8431
WL_SWEEP_mw5_20260604-135240,31,0.8837
WL_SWEEP_mw5_20260604-135240,32,0.8346
WL_SWEEP_mw5_20260604-135240,32,0.8477
WL_SWEEP_mw5_20260604-135240,32,0.8814
WL_SWEEP_mw5_20260604-135240,33,0.8339
WL_SWEEP_mw5_20260604-135240,33,0.8498
WL_SWEEP_mw5_20260604-135240,33,0.8816
WL_SWEEP_mw5_20260604-135240,34,0.8336
WL_SWEEP_mw5_20260604-135240,34,0.8458
WL_SWEEP_mw5_20260604-135240,34,0.8821
WL_SWEEP_mw5_20260604-135240,35,0.8332
WL_SWEEP_mw5_20260604-135240,35,0.8423
WL_SWEEP_mw5_20260604-135240,35,0.8817
WL_SWEEP_mw5_20260604-135240,36,0.8347
WL_SWEEP_mw5_20260604-135240,36,0.8461
WL_SWEEP_mw5_20260604-135240,36,0.8824
WL_SWEEP_mw5_20260604-135240,37,0.8347
WL_SWEEP_mw5_20260604-135240,37,0.8453
WL_SWEEP_mw5_20260604-135240,37,0.8837
WL_SWEEP_mw5_20260604-135240,38,0.8355
WL_SWEEP_mw5_20260604-135240,38,0.8452
WL_SWEEP_mw5_20260604-135240,38,0.8811
WL_SWEEP_mw5_20260604-135240,39,0.8361
WL_SWEEP_mw5_20260604-135240,39,0.8454
WL_SWEEP_mw5_20260604-135240,39,0.8821
WL_SWEEP_mw5_20260604-135240,40,0.8349
WL_SWEEP_mw5_20260604-135240,40,0.8434
WL_SWEEP_mw5_20260604-135240,40,0.8829
WL_SWEEP_mw5_20260604-135240,41,0.8362
WL_SWEEP_mw5_20260604-135240,41,0.843
WL_SWEEP_mw5_20260604-135240,41,0.8834
WL_SWEEP_mw5_20260604-135240,42,0.8363
WL_SWEEP_mw5_20260604-135240,42,0.8451
WL_SWEEP_mw5_20260604-135240,42,0.8822
WL_SWEEP_mw5_20260604-135240,43,0.8362
WL_SWEEP_mw5_20260604-135240,43,0.8463
WL_SWEEP_mw5_20260604-135240,43,0.8838
WL_SWEEP_mw5_20260604-135240,44,0.8359
WL_SWEEP_mw5_20260604-135240,44,0.8464
WL_SWEEP_mw5_20260604-135240,44,0.8831
WL_SWEEP_mw5_20260604-135240,45,0.8361
WL_SWEEP_mw5_20260604-135240,45,0.8475
WL_SWEEP_mw5_20260604-135240,45,0.8829
WL_SWEEP_mw5_20260604-135240,46,0.8362
WL_SWEEP_mw5_20260604-135240,46,0.8467
WL_SWEEP_mw5_20260604-135240,46,0.8829
WL_SWEEP_mw5_20260604-135240,47,0.8363
WL_SWEEP_mw5_20260604-135240,47,0.8472
WL_SWEEP_mw5_20260604-135240,47,0.8831
WL_SWEEP_mw5_20260604-135240,48,0.8363
WL_SWEEP_mw5_20260604-135240,48,0.847
WL_SWEEP_mw5_20260604-135240,48,0.8831
WL_SWEEP_mw5_20260604-135240,49,0.8364
WL_SWEEP_mw5_20260604-135240,49,0.8831
WL_SWEEP_mw5_20260604-152209,0,0.7036
WL_SWEEP_mw5_20260604-152209,1,0.7625
WL_SWEEP_mw5_20260604-152209,2,0.7943
WL_SWEEP_mw5_20260604-152209,3,0.815
WL_SWEEP_mw5_20260604-152209,4,0.8197
WL_SWEEP_mw5_20260604-152209,5,0.8228
WL_SWEEP_mw5_20260604-152209,6,0.8296
WL_SWEEP_mw5_20260604-152209,7,0.8353
WL_SWEEP_mw5_20260604-152209,8,0.8445
WL_SWEEP_mw5_20260604-152209,9,0.8441
WL_SWEEP_mw5_20260604-152209,10,0.8475
WL_SWEEP_mw5_20260604-152209,11,0.8463
WL_SWEEP_mw5_20260604-152209,12,0.843
WL_SWEEP_mw5_20260604-152209,13,0.8416
WL_SWEEP_mw5_20260604-152209,14,0.8472
WL_SWEEP_mw5_20260604-152209,15,0.8502
WL_SWEEP_mw5_20260604-152209,16,0.8502
WL_SWEEP_mw5_20260604-152209,17,0.8432
WL_SWEEP_mw5_20260604-152209,18,0.8468
WL_SWEEP_mw5_20260604-152209,19,0.8423
WL_SWEEP_mw5_20260604-152209,20,0.8527
WL_SWEEP_mw5_20260604-152209,21,0.8529
WL_SWEEP_mw5_20260604-152209,22,0.8504
WL_SWEEP_mw5_20260604-152209,23,0.8496
WL_SWEEP_mw5_20260604-152209,24,0.849
WL_SWEEP_mw5_20260604-152209,25,0.8544
WL_SWEEP_mw5_20260604-152209,26,0.857
WL_SWEEP_mw5_20260604-152209,27,0.8542
WL_SWEEP_mw5_20260604-152209,28,0.8534
WL_SWEEP_mw5_20260604-152209,29,0.8479
WL_SWEEP_mw5_20260604-152209,30,0.8546
WL_SWEEP_mw5_20260604-152209,31,0.8509
WL_SWEEP_mw5_20260604-152209,32,0.8494
WL_SWEEP_mw5_20260604-152209,33,0.8521
WL_SWEEP_mw5_20260604-152209,34,0.8516
WL_SWEEP_mw5_20260604-152209,35,0.8554
WL_SWEEP_mw5_20260604-152209,36,0.8533
WL_SWEEP_mw5_20260604-152209,37,0.8508
WL_SWEEP_mw5_20260604-152209,38,0.854
WL_SWEEP_mw5_20260604-152209,39,0.8547
WL_SWEEP_mw5_20260604-152209,40,0.8558
WL_SWEEP_mw5_20260604-152209,41,0.8563
WL_SWEEP_mw80_20260604-124750,0,0.6772
WL_SWEEP_mw80_20260604-124750,1,0.7998
WL_SWEEP_mw80_20260604-124750,2,0.8134
WL_SWEEP_mw80_20260604-124750,3,0.8261
WL_SWEEP_mw80_20260604-124750,4,0.8447
WL_SWEEP_mw80_20260604-124750,5,0.8529
WL_SWEEP_mw80_20260604-124750,6,0.8566
WL_SWEEP_mw80_20260604-124750,7,0.8591
WL_SWEEP_mw80_20260604-124750,8,0.8741
WL_SWEEP_mw80_20260604-124750,9,0.8877
WL_SWEEP_mw80_20260604-124750,10,0.8847
WL_SWEEP_mw80_20260604-124750,11,0.8918
WL_SWEEP_mw80_20260604-124750,12,0.8988
WL_SWEEP_mw80_20260604-124750,13,0.8973
WL_SWEEP_mw80_20260604-124750,14,0.8924
WL_SWEEP_mw80_20260604-124750,15,0.8964
WL_SWEEP_mw80_20260604-124750,16,0.8973
WL_SWEEP_mw80_20260604-124750,17,0.8952
WL_SWEEP_mw80_20260604-124750,18,0.9006
WL_SWEEP_mw80_20260604-124750,19,0.8983
WL_SWEEP_mw80_20260604-124750,20,0.9033
WL_SWEEP_mw80_20260604-124750,21,0.9034
WL_SWEEP_mw80_20260604-124750,22,0.9032
WL_SWEEP_mw80_20260604-124750,23,0.9027
WL_SWEEP_mw80_20260604-124750,24,0.9
WL_SWEEP_mw80_20260604-124750,25,0.9083
WL_SWEEP_mw80_20260604-124750,26,0.9107
WL_SWEEP_mw80_20260604-124750,27,0.9096
WL_SWEEP_mw80_20260604-124750,28,0.9074
WL_SWEEP_mw80_20260604-124750,29,0.9113
WL_SWEEP_mw80_20260604-124750,30,0.909
WL_SWEEP_mw80_20260604-124750,31,0.9086
WL_SWEEP_mw80_20260604-124750,32,0.9039
WL_SWEEP_mw80_20260604-124750,33,0.9081
WL_SWEEP_mw80_20260604-124750,34,0.9108
WL_SWEEP_mw80_20260604-124750,35,0.9125
WL_SWEEP_mw80_20260604-124750,36,0.911
WL_SWEEP_mw80_20260604-124750,37,0.91
WL_SWEEP_mw80_20260604-124750,38,0.9092
WL_SWEEP_mw80_20260604-124750,39,0.9108
WL_SWEEP_mw80_20260604-124750,40,0.9125
WL_SWEEP_mw80_20260604-124750,41,0.9103
WL_SWEEP_mw80_20260604-124750,42,0.9116
WL_SWEEP_mw80_20260604-124750,43,0.912
WL_SWEEP_mw80_20260604-124750,44,0.9143
WL_SWEEP_mw80_20260604-124750,45,0.9142
WL_SWEEP_mw80_20260604-124750,46,0.9159
WL_SWEEP_mw80_20260604-124750,47,0.9157
WL_SWEEP_mw80_20260604-124750,48,0.9158
WL_SWEEP_mw80_20260604-124750,49,0.9158
WL_SWEEP_mw80_20260604-131333,0,0.7093
WL_SWEEP_mw80_20260604-131333,1,0.8357
WL_SWEEP_mw80_20260604-131333,2,0.8543
WL_SWEEP_mw80_20260604-131333,3,0.8613
WL_SWEEP_mw80_20260604-131333,4,0.8712
WL_SWEEP_mw80_20260604-131333,5,0.8944
WL_SWEEP_mw80_20260604-131333,6,0.8973
WL_SWEEP_mw80_20260604-131333,7,0.8973
WL_SWEEP_mw80_20260604-131333,8,0.909
WL_SWEEP_mw80_20260604-131333,9,0.896
WL_SWEEP_mw80_20260604-131333,10,0.9046
WL_SWEEP_mw80_20260604-131333,11,0.8961
WL_SWEEP_mw80_20260604-131333,12,0.9123
WL_SWEEP_mw80_20260604-131333,13,0.9202
WL_SWEEP_mw80_20260604-131333,14,0.9036
WL_SWEEP_mw80_20260604-131333,15,0.911
WL_SWEEP_mw80_20260604-131333,16,0.913
WL_SWEEP_mw80_20260604-131333,17,0.9154
WL_SWEEP_mw80_20260604-131333,18,0.9092
WL_SWEEP_mw80_20260604-131333,19,0.9076
WL_SWEEP_mw80_20260604-131333,20,0.9104
WL_SWEEP_mw80_20260604-131333,21,0.9093
WL_SWEEP_mw80_20260604-131333,22,0.9148
WL_SWEEP_mw80_20260604-131333,23,0.9096
WL_SWEEP_mw80_20260604-131333,24,0.9176
WL_SWEEP_mw80_20260604-131333,25,0.9161
WL_SWEEP_mw80_20260604-131333,26,0.9205
WL_SWEEP_mw80_20260604-131333,27,0.9171
WL_SWEEP_mw80_20260604-131333,28,0.9175
WL_SWEEP_mw80_20260604-131333,29,0.9228
WL_SWEEP_mw80_20260604-131333,30,0.9227
WL_SWEEP_mw80_20260604-131333,31,0.9147
WL_SWEEP_mw80_20260604-131333,32,0.9227
WL_SWEEP_mw80_20260604-131333,33,0.9225
WL_SWEEP_mw80_20260604-131333,34,0.9241
WL_SWEEP_mw80_20260604-131333,35,0.9262
WL_SWEEP_mw80_20260604-131333,36,0.9212
WL_SWEEP_mw80_20260604-131333,37,0.9185
WL_SWEEP_mw80_20260604-131333,38,0.9189
WL_SWEEP_mw80_20260604-131333,39,0.9226
WL_SWEEP_mw80_20260604-131333,40,0.9222
WL_SWEEP_mw80_20260604-131333,41,0.9219
WL_SWEEP_mw80_20260604-131333,42,0.9238
WL_SWEEP_mw80_20260604-131333,43,0.9236
WL_SWEEP_mw80_20260604-131333,44,0.9242
WL_SWEEP_mw80_20260604-131333,45,0.9241
WL_SWEEP_mw80_20260604-131333,46,0.9244
WL_SWEEP_mw80_20260604-131333,47,0.924
WL_SWEEP_mw80_20260604-131333,48,0.9241
WL_SWEEP_mw80_20260604-131333,49,0.924
WL_SWEEP_mw80_20260604-150254,0,0.6532
WL_SWEEP_mw80_20260604-150254,1,0.6902
WL_SWEEP_mw80_20260604-150254,2,0.7264
WL_SWEEP_mw80_20260604-150254,3,0.7394
WL_SWEEP_mw80_20260604-150254,4,0.7511
WL_SWEEP_mw80_20260604-150254,5,0.7736
WL_SWEEP_mw80_20260604-150254,6,0.7816
WL_SWEEP_mw80_20260604-150254,7,0.7977
WL_SWEEP_mw80_20260604-150254,8,0.8045
WL_SWEEP_mw80_20260604-150254,9,0.8044
WL_SWEEP_mw80_20260604-150254,10,0.8073
WL_SWEEP_mw80_20260604-150254,11,0.8178
WL_SWEEP_mw80_20260604-150254,12,0.8128
WL_SWEEP_mw80_20260604-150254,13,0.8278
WL_SWEEP_mw80_20260604-150254,14,0.8285
WL_SWEEP_mw80_20260604-150254,15,0.8261
WL_SWEEP_mw80_20260604-150254,16,0.8201
WL_SWEEP_mw80_20260604-150254,17,0.8233
WL_SWEEP_mw80_20260604-150254,18,0.8262
WL_SWEEP_mw80_20260604-150254,19,0.8335
WL_SWEEP_mw80_20260604-150254,20,0.8429
WL_SWEEP_mw80_20260604-150254,21,0.8369
WL_SWEEP_mw80_20260604-150254,22,0.8328
WL_SWEEP_mw80_20260604-150254,23,0.8368
WL_SWEEP_mw80_20260604-150254,24,0.8426
WL_SWEEP_mw80_20260604-150254,25,0.841
WL_SWEEP_mw80_20260604-150254,26,0.8406
WL_SWEEP_mw80_20260604-150254,27,0.8434
WL_SWEEP_mw80_20260604-150254,28,0.8395
WL_SWEEP_mw80_20260604-150254,29,0.8414
WL_SWEEP_mw80_20260604-150254,30,0.8501
WL_SWEEP_mw80_20260604-150254,31,0.8458
WL_SWEEP_mw80_20260604-150254,32,0.8455
WL_SWEEP_mw80_20260604-150254,33,0.8467
WL_SWEEP_mw80_20260604-150254,34,0.8448
WL_SWEEP_mw80_20260604-150254,35,0.8486
WL_SWEEP_mw80_20260604-150254,36,0.8475
WL_SWEEP_mw80_20260604-150254,37,0.8458
WL_SWEEP_mw80_20260604-150254,38,0.8446
WL_SWEEP_mw80_20260604-150254,39,0.8473
WL_SWEEP_mw80_20260604-150254,40,0.8477
WL_SWEEP_mw80_20260604-150254,41,0.8483
WL_SWEEP_mw80_20260604-150254,42,0.85
WL_SWEEP_mw80_20260604-150254,43,0.8482
WL_SWEEP_mw80_20260604-150254,44,0.8496
WL_SWEEP_mw80_20260604-150254,45,0.8477
WL_SWEEP_mw80_20260604-150348,0,0.7015
WL_SWEEP_mw80_20260604-150348,1,0.7665
WL_SWEEP_mw80_20260604-150348,2,0.788
WL_SWEEP_mw80_20260604-150348,3,0.8061
WL_SWEEP_mw80_20260604-150348,4,0.8373
WL_SWEEP_mw80_20260604-150348,5,0.8417
WL_SWEEP_mw80_20260604-150348,6,0.8565
WL_SWEEP_mw80_20260604-150348,7,0.8675
WL_SWEEP_mw80_20260604-150348,8,0.8769
WL_SWEEP_mw80_20260604-150348,9,0.8856
WL_SWEEP_mw80_20260604-150348,10,0.8905
WL_SWEEP_mw80_20260604-150348,11,0.8924
WL_SWEEP_mw80_20260604-150348,12,0.8986
WL_SWEEP_mw80_20260604-150348,13,0.9011
WL_SWEEP_mw80_20260604-150348,14,0.9053
WL_SWEEP_mw80_20260604-150348,15,0.9038
WL_SWEEP_mw80_20260604-150348,16,0.9094
WL_SWEEP_mw80_20260604-150348,17,0.9128
WL_SWEEP_mw80_20260604-150348,18,0.9148
WL_SWEEP_mw80_20260604-150348,19,0.916
WL_SWEEP_mw80_20260604-150348,20,0.9197
WL_SWEEP_mw80_20260604-150348,21,0.9201
WL_SWEEP_mw80_20260604-150348,22,0.9231
WL_SWEEP_mw80_20260604-150348,23,0.9223
WL_SWEEP_mw80_20260604-150348,24,0.9236
WL_SWEEP_mw80_20260604-150348,25,0.9254
WL_SWEEP_mw80_20260604-150348,26,0.9262
WL_SWEEP_mw80_20260604-150348,27,0.927
WL_SWEEP_mw80_20260604-150348,28,0.9271
WL_SWEEP_mw80_20260604-150348,29,0.9239
WL_SWEEP_mw80_20260604-150348,30,0.9292
WL_SWEEP_mw80_20260604-150348,31,0.9297
WL_SWEEP_mw80_20260604-150348,32,0.9281
WL_SWEEP_mw80_20260604-150348,33,0.9293
WL_SWEEP_mw80_20260604-150348,34,0.9295
WL_SWEEP_mw80_20260604-150348,35,0.9299
WL_SWEEP_mw80_20260604-150348,36,0.9301
WL_SWEEP_mw80_20260604-150348,37,0.9303
WL_SWEEP_mw80_20260604-150348,38,0.9303
WL_SWEEP_mw80_20260604-150348,39,0.9302
WL_SWEEP_mw80_20260604-150348,40,0.9307
WL_SWEEP_mw80_20260604-150348,41,0.9314
WL_SWEEP_mw80_20260604-150348,42,0.9312
WL_SWEEP_mw80_20260604-150348,43,0.9315
WL_SWEEP_mw80_20260604-150348,44,0.9308
WL_SWEEP_mw80_20260604-150348,45,0.931
WL_SWEEP_mw80_20260604-150348,46,0.9312
WL_SWEEP_mw80_20260604-150348,47,0.9313
WL_SWEEP_mw80_20260604-150348,48,0.9314
WL_SWEEP_mw80_20260604-150348,49,0.9314
WL_SWEEP_mw80_20260604-150441,0,0.712
WL_SWEEP_mw80_20260604-150441,1,0.723
WL_SWEEP_mw80_20260604-150441,2,0.7804
WL_SWEEP_mw80_20260604-150441,3,0.7665
WL_SWEEP_mw80_20260604-150441,4,0.809
WL_SWEEP_mw80_20260604-150441,5,0.7963
WL_SWEEP_mw80_20260604-150441,6,0.7987
WL_SWEEP_mw80_20260604-150441,7,0.8491
WL_SWEEP_mw80_20260604-150441,8,0.8567
WL_SWEEP_mw80_20260604-150441,9,0.8532
WL_SWEEP_mw80_20260604-150441,10,0.8624
WL_SWEEP_mw80_20260604-150441,11,0.8682
WL_SWEEP_mw80_20260604-150441,12,0.8691
WL_SWEEP_mw80_20260604-150441,13,0.8732
WL_SWEEP_mw80_20260604-150441,14,0.8718
WL_SWEEP_mw80_20260604-150441,15,0.8737
WL_SWEEP_mw80_20260604-150441,16,0.8772
WL_SWEEP_mw80_20260604-150441,17,0.879
WL_SWEEP_mw80_20260604-150441,18,0.8803
WL_SWEEP_mw80_20260604-150441,19,0.8809
WL_SWEEP_mw80_20260604-150441,20,0.8835
WL_SWEEP_mw80_20260604-150441,21,0.8824
WL_SWEEP_mw80_20260604-150441,22,0.8826
WL_SWEEP_mw80_20260604-150441,23,0.8804
WL_SWEEP_mw80_20260604-150441,24,0.8863
WL_SWEEP_mw80_20260604-150441,25,0.8877
WL_SWEEP_mw80_20260604-150441,26,0.8842
WL_SWEEP_mw80_20260604-150441,27,0.8883
WL_SWEEP_mw80_20260604-150441,28,0.8889
WL_SWEEP_mw80_20260604-150441,29,0.8887
WL_SWEEP_mw80_20260604-150441,30,0.8892
WL_SWEEP_mw80_20260604-150441,31,0.8898
WL_SWEEP_mw80_20260604-150441,32,0.8913
WL_SWEEP_mw80_20260604-150441,33,0.8913
WL_SWEEP_mw80_20260604-150441,34,0.892
WL_SWEEP_mw80_20260604-150441,35,0.8909
WL_SWEEP_mw80_20260604-150441,36,0.891
WL_SWEEP_mw80_20260604-150441,37,0.8917
WL_SWEEP_mw80_20260604-150441,38,0.8922
WL_SWEEP_mw80_20260604-150441,39,0.8931
WL_SWEEP_mw80_20260604-150441,40,0.8925
WL_SWEEP_mw80_20260604-150441,41,0.8932
WL_SWEEP_mw80_20260604-150441,42,0.8932
WL_SWEEP_mw80_20260604-150441,43,0.8928
WL_SWEEP_mw80_20260604-150441,44,0.8927
WL_SWEEP_mw80_20260604-150441,45,0.8929
WL_SWEEP_mw80_20260604-150441,46,0.893
WL_SWEEP_mw80_20260604-150441,47,0.893
WL_SWEEP_mw80_20260604-150441,48,0.8931
WL_SWEEP_mw80_20260604-150441,49,0.8931
WL_SWEEP_mw80_20260604-155911,0,0.6093
WL_SWEEP_mw80_20260604-155911,1,0.6937
WL_SWEEP_mw80_20260604-155911,2,0.7271
WL_SWEEP_mw80_20260604-155911,3,0.7579
WL_SWEEP_mw80_20260604-155911,4,0.7794
WL_SWEEP_mw80_20260604-155911,5,0.8123
WL_SWEEP_mw80_20260604-155911,6,0.8226
WL_SWEEP_mw80_20260604-155911,7,0.8341
WL_SWEEP_mw80_20260604-155911,8,0.8372
WL_SWEEP_mw80_20260604-155911,9,0.8402
WL_SWEEP_mw80_20260604-155911,10,0.8472
WL_SWEEP_mw80_20260604-155911,11,0.8547
WL_SWEEP_mw80_20260604-155911,12,0.8377
WL_SWEEP_mw80_20260604-155911,13,0.8504
WL_SWEEP_mw80_20260604-155911,14,0.854
WL_SWEEP_mw80_20260604-155911,15,0.8596
WL_SWEEP_mw80_20260604-155911,16,0.857
WL_SWEEP_mw80_20260604-155911,17,0.8561
WL_SWEEP_mw80_20260604-155911,18,0.86
WL_SWEEP_mw80_20260604-155911,19,0.8473
WL_SWEEP_mw80_20260604-155911,20,0.8496
WL_SWEEP_mw80_20260604-155911,21,0.8549
WL_SWEEP_mw80_20260604-155911,22,0.8549
WL_SWEEP_mw80_20260604-155911,23,0.8613
WL_SWEEP_mw80_20260604-155911,24,0.8641
WL_SWEEP_mw80_20260604-155911,25,0.8683
WL_SWEEP_mw80_20260604-155911,26,0.8683
WL_SWEEP_mw80_20260604-155911,27,0.8562
WL_SWEEP_mw80_20260604-155911,28,0.8554
WL_SWEEP_mw80_20260604-155911,29,0.8538
WL_SWEEP_mw80_20260604-155911,30,0.8659
WL_SWEEP_mw80_20260604-155911,31,0.8653
WL_SWEEP_mw80_20260604-155911,32,0.8592
WL_SWEEP_mw80_20260604-155911,33,0.8632
WL_SWEEP_mw80_20260604-155911,34,0.8647
WL_SWEEP_mw80_20260604-155911,35,0.8679
WL_SWEEP_mw80_20260604-155911,36,0.8658
WL_SWEEP_mw80_20260604-155911,37,0.8631
WL_SWEEP_mw80_20260604-155911,38,0.8608
WL_SWEEP_mw80_20260604-155911,39,0.8636
WL_SWEEP_mw80_20260604-155911,40,0.8645
WL_SWEEP_mw80_20260604-155911,41,0.8656
